DEPARTAMENTO	COBERTURA_NETA_MEDIA	DESERCION_MEDIA
Otros	59.7	2.95
Otros	36.3	8.49
Otros	35.3	2.99
Otros	48.5	8.04
Otros	38.9	3.21
Otros	27.3	9.74
Otros	32.2	1.68
Otros	26.4	2.44
Otros	20.3	8.64
Otros	18.1	3.81
Otros	31.7	4.37
Otros	21.7	4.63
Otros	24.7	5.87
Otros	26.7	2.29
Otros	23.9	1.05
Otros	29.8	2.11
Otros	42.2	3.56
Otros	41	4.09
Otros	45.2	2.45
Otros	21.7	1.05
Otros	32.5	3.87
Otros	12.3	2.63
Otros	20.6	1.74
Otros	14.1	2.48
Otros	53.5	2.18
Otros	15.5	1.87
Otros	30.5	5.6
Otros	44.6	2.99
Otros	22.5	2.93
Otros	49.8	1.36
Otros	29.3	6.61
Otros	29	2.93
Otros	48.3	2.07
Otros	35.3	1.98
Otros	44.8	5.97
Otros	18.4	2
Otros	55.9	3.27
Otros	17.8	1.24
Otros	31.8	6.12
Otros	24.1	8.97
Otros	47.7	1.93
Otros	54.4	5.35
Otros	40.2	2.48
Otros	41.5	8.35
Otros	48.4	2.61
Otros	49.6	2.45
Otros	32.4	0.71
Otros	33.5	9.01
Otros	30.1	10.85
Otros	39.3	3.24
Otros	87	2.07
Otros	30.6	1.18
Otros	35.9	3.7
Otros	47.3	1.83
Otros	20.3	8.33
Otros	42.5	1.83
Otros	54.4	4.26
Otros	47.2	1.48
Otros	52.8	2.29
Otros	51.7	2.25
Otros	33.9	1.66
Otros	43.7	9.47
Otros	55.3	3.54
Otros	36.2	5.45
Otros	16.7	2.23
Otros	11.1	4.65
Otros	21.9	7.82
Otros	19.4	4.05
Otros	41.9	2.13
Otros	56.5	1.94
Otros	12.7	12.9
Otros	26.4	1.14
Otros	38.3	2.75
Otros	29.1	8.14
Otros	28.7	1.21
Otros	26.8	1.6
Otros	59.4	1.04
Otros	62	3.41
Otros	71.8	4.24
Otros	18.2	2.71
Otros	31.9	1.01
Otros	31.9	3.78
Otros	42.9	0.29
Otros	20.4	4.35
Otros	39.5	3.38
Otros	53.4	7.12
Otros	28.2	9.75
Otros	37.6	2.73
Otros	37.7	2.93
Otros	56.6	5.87
Otros	44.9	3.51
Otros	43.5	0.97
Otros	44.3	2.33
Otros	59.6	1.55
Otros	23.5	0.81
Otros	35.2	7.51
Otros	49.1	1.79
Otros	37.2	1.3
Otros	14.6	4.02
Otros	24	0.7
Otros	24.1	1.38
Otros	16.7	3.73
Otros	20.5	1.48
Otros	8.6	2.63
Otros	37.8	1.32
Otros	37.3	6.02
Otros	43.4	3.96
Otros	16.6	5.05
Otros	31.2	5.3
Otros	28.7	3.11
Otros	20.2	1.98
Otros	61.5	2.58
Otros	50.8	0.59
Otros	38.6	2.18
Otros	27.2	4.58
Otros	36.5	1.16
Otros	40.9	3.19
Otros	40.6	4.03
Otros	36.2	6.92
Otros	59.7	10.28
Otros	53.4	1.07
Otros	35.7	1.99
Otros	25.7	3.98
Otros	35.7	1.83
Otros	51.8	0.85
Otros	44.1	1.98
Otros	20.5	3.43
Otros	37.1	4.5
Otros	34.6	2.06
Otros	33.1	5.19
Otros	45.9	1.21
Otros	55	2.55
Otros	51.3	2.3
Otros	27.2	5.17
Otros	15.8	2.55
Otros	12.5	11.46
Otros	34.7	1.1
Otros	25.7	4.67
Otros	25.5	0.46
Otros	37.9	0.12
Otros	13.9	0.89
Otros	30.5	2.93
Otros	30.8	1.19
Otros	39.6	2.13
Otros	30.7	3.84
Otros	33.8	5.26
Otros	22.6	7.69
Otros	15.1	1.95
Otros	33.8	11.37
Otros	41	0.55
Otros	28.6	1.33
Otros	26.6	1.39
Otros	4.2	2.63
Otros	35.6	6.08
Otros	14.3	3.07
Otros	22.3	2.63
Otros	11	3.91
Otros	35.5	1.6
Otros	44.9	2.48
Otros	15.2	1.99
Otros	41.6	2.44
Otros	20.5	0.38
Otros	41.9	0.32
Otros	31.6	0.24
Otros	18.4	1.29
Otros	41.1	1.93
Otros	17.7	4.3
Otros	21.5	1.66
Otros	44.7	0.4
Otros	43.5	2.53
Otros	16.9	0.57
Otros	44	3.85
Otros	38	0.52
Otros	35.6	1.46
Otros	42.7	12.3
Otros	54.4	2.73
Otros	52.1	1.45
Otros	42	7.74
Otros	33.3	6.67
Otros	65.7	3.13
Otros	34.1	8
Otros	43.3	0.45
Otros	33.3	8.25
Otros	45.1	1.37
Otros	29.6	2.26
Otros	44.1	0.98
Otros	21.8	1.47
Otros	53.6	0.82
Otros	37.2	8.54
Otros	56.2	2.41
Otros	45.5	5.81
Otros	35.1	10.66
Otros	45.1	4
Otros	49.7	3.28
Otros	38.8	1.78
Otros	27.1	2.9
Otros	19.5	1.83
Otros	40.9	2.46
Otros	48.1	3.03
Otros	39.9	1.27
Otros	64.2	2.96
Otros	49	0.64
Otros	31	1.3
Otros	54.3	1.76
Otros	35.2	1.94
Otros	63.2	1.85
Otros	34.2	3.77
Otros	59.7	3.89
Otros	79.9	3.55
Otros	43.4	0.94
Otros	22.9	1.74
Otros	28.6	2.86
Otros	50	3.54
Otros	21.4	2.82
Otros	52	3.08
Otros	46.7	3.3
Otros	46.6	2.7
Otros	41.6	3.64
Otros	23.9	6.29
Otros	45.3	4.11
Otros	47.9	4.08
Otros	55.8	3.47
Otros	46.8	5.28
Otros	43	5.95
Otros	35.4	2.61
Otros	53	3.6
Otros	40.4	4.79
Otros	32.5	6.67
Otros	26.5	8.04
Otros	58.2	4.32
Otros	42.7	3.39
Otros	27.2	2.44
Otros	36.3	3.19
Otros	25.9	2.94
Otros	38.9	8.75
Otros	30.8	2.07
Otros	41.3	2.2
Otros	28.2	1.59
Otros	47.4	3.37
Otros	35.9	5.32
Otros	40.1	1.75
Otros	35.8	1.67
Otros	40.7	5.74
Otros	43.3	3.87
Otros	46	5.93
Otros	49.5	6.62
Otros	27.4	10.5
Otros	35.8	5.61
Otros	39.8	6.03
Otros	44.9	6.1
Otros	42.7	5.26
Otros	74.9	3.3
Otros	20.8	6.03
Otros	72.2	4.22
Otros	67.1	3.78
Otros	72.4	2.72
Otros	38.1	1.3
Otros	42.9	4.35
Otros	60	1.55
Otros	39.9	3.79
Otros	50.7	2.97
Otros	49.1	0.62
Otros	54.1	1.77
Otros	39.7	2.28
Otros	47.9	3.23
Otros	45	1.22
Otros	49.3	0.63
Otros	33.5	9.64
Otros	46.7	1.05
Otros	31.6	4.24
Otros	44.3	2.04
Otros	82.2	2.29
Otros	52.7	5.37
Otros	77.3	1.04
Otros	45.5	2.43
Otros	55.9	2.07
Otros	33.1	8.05
Otros	66.3	3.95
Otros	56.1	1.84
Otros	45.3	5.05
Otros	49.9	1.79
Otros	48.9	2.36
Otros	34	4.91
Otros	45.8	4.57
Otros	34.9	3.6
Otros	37.5	6.49
Otros	58.1	2.37
Otros	27.1	8.41
Otros	42.5	6.33
Otros	38.4	2.23
Otros	34.6	4.62
Otros	26.1	3.27
Otros	24.3	1.37
Otros	52.6	0.95
Otros	40.7	1.56
Otros	30.6	1.98
Otros	36.3	0.73
Otros	33.3	5
Otros	39.1	1.84
Otros	23.2	3.59
Otros	29.9	0.78
Otros	43.8	5.06
Otros	35	1.8
Otros	50.7	2.53
Otros	54	1.74
Violencia	37.5	3.53
Violencia	21.7	3.67
Violencia	32.7	3.75
Violencia	11.6	5.7
Violencia	20.1	1.08
Violencia	37.5	2.01
Violencia	19.5	1.82
Violencia	12.2	3.36
Violencia	16.3	1.05
Violencia	20.2	3.64
Violencia	22.5	2.67
Violencia	34.1	1.95
Violencia	17.2	4.32
Violencia	4.9	3.51
Violencia	18.1	10.26
Violencia	20.3	1.68
Violencia	50.4	4.47
Violencia	23.9	5.31
Violencia	12.1	4.25
Violencia	16.8	0.53
Violencia	25.8	3.64
Violencia	26.8	1.32
Violencia	22	4.62
Violencia	24.1	0.6
Violencia	53.8	2.62
Violencia	27.9	4.17
Violencia	28.4	4.58
Violencia	27.6	4.48
Violencia	22.4	3.69
Violencia	16	3.1
Violencia	29.6	5
Violencia	11.9	3.59
Violencia	7.6	6.6
Violencia	19.7	3.58
Violencia	28.3	0.4
Violencia	21.3	1.84
Violencia	44.7	1.92
Violencia	15.4	5.63
Violencia	25.3	5.13
Violencia	38.5	2.96
Violencia	40.4	0.79
Violencia	24.3	0.93
Violencia	22.7	6.06
Violencia	15.8	5.92
Violencia	41.8	2.29
Violencia	26.8	0.37
Violencia	19.6	4.33
Violencia	25.1	0.99
Violencia	26.4	1
Violencia	55	1.26
Violencia	13	1.18
Violencia	22.3	5.29
Violencia	18.4	0.7
Violencia	38	1.85
Otros	40.4	2.79
Otros	39.8	10.16
Otros	32.7	8.43
Otros	23.8	1.21
Otros	22.9	6.13
Otros	30.9	8.88
Otros	37.4	8.15
Otros	37.2	6.04
Otros	25.9	9.73
Otros	31.4	4.1
Otros	24.6	5.82
Otros	14.2	1.08
Otros	28.3	3.41
Otros	36	3.96
Otros	27.5	3.31
Otros	32.3	3.61
Otros	33.7	3.15
Otros	11.8	8.12
Otros	31.9	9.5
Otros	31.9	12.05
Otros	30.9	5.18
Otros	35.2	2.27
Otros	23.6	5.74
Otros	39.2	4.5
Otros	43.9	4.96
Otros	23.1	6
Otros	27.5	3.39
Otros	22.6	6.52
Otros	48.7	5.18
Otros	45	1.45
Otros	35.8	4.77
Otros	35.8	13.47
Otros	25.3	2.52
Otros	49.1	1.76
Otros	19.4	4.79
Otros	51.3	1.47
Otros	30.7	1.65
Otros	32.2	5.61
Otros	43.8	4.27
Otros	23.2	3.46
Otros	22.4	5.13
Otros	15.5	4.1
Otros	45.2	10.83
Otros	47.1	1.85
Otros	17.6	5.29
Otros	41.8	4.16
Otros	29.8	3.51
Otros	26	1.63
Otros	45.2	5.62
Otros	23.1	3.08
Otros	34.3	8.97
Otros	45.1	0.39
Otros	44.1	8.28
Otros	35.2	2.46
Otros	60.6	1.85
Otros	47.6	2.1
Otros	55.7	2.82
Otros	29.4	4.88
Otros	30.3	7.03
Otros	58.6	7.17
Otros	27.2	1.06
Otros	56.8	3.64
Otros	35.4	2.21
Otros	57.7	4.3
Otros	53.9	6.07
Otros	57.5	1.88
Otros	37.4	1.38
Otros	37.3	3.4
Otros	47.6	11.65
Otros	50.8	2.56
Otros	31	7.69
Otros	46.7	2.38
Otros	50.7	1.43
Otros	49.4	4.09
Otros	30	1.34
Otros	70.9	1.95
Otros	61.6	2.64
Otros	27.1	0.88
Otros	34.4	2.2
Otros	49.2	0.63
Otros	52.5	3.84
Otros	37.3	10.45
Otros	43.5	3.24
Otros	35.1	4.3
Otros	58.8	1.69
Otros	35.6	6.15
Otros	45.1	0.82
Otros	46.2	1.53
Otros	35.8	1.04
Otros	68.3	5.93
Otros	47.5	6.87
Otros	36	0.44
Otros	34.9	3.33
Otros	56.5	2.64
Otros	52.8	0.55
Otros	45.4	5.32
Otros	42.3	2.52
Otros	18.4	6.06
Otros	58	6.91
Otros	49.9	1.52
Otros	10.5	8.06
Otros	22.1	2.22
Otros	60.1	2.55
Otros	43.5	1.5
Otros	34.2	1.82
Otros	31.3	6.54
Otros	57.5	5.88
Otros	34.9	3.96
Otros	25.2	11.48
Otros	50	6
Otros	77.8	0.4
Otros	37.6	7.08
Otros	34.7	3.8
Otros	31.8	8.7
Otros	47	1.48
Otros	40.9	4.42
Otros	33.2	4.07
Otros	41.4	3.57
Otros	40	0.36
Otros	55.8	0.96
Otros	48.6	4.68
Otros	42.4	3.58
Otros	39.1	1.52
Otros	42.5	1.25
Otros	45.1	5.28
Otros	47.9	4.6
Otros	59.4	3.5
Otros	37.7	6.17
Otros	48.4	2
Otros	20.4	11.8
Otros	40.7	0.76
Otros	39.5	0.67
Otros	41.4	3.24
Otros	37.5	3.59
Otros	68	3.86
Otros	51.4	2.42
Otros	40.4	3.51
Otros	45.8	1.77
Otros	32.1	4.35
Otros	31.7	0.71
Otros	55	1.35
Otros	42	0.52
Otros	26.2	2.92
Otros	28.5	1.19
Otros	38.6	1.72
Otros	63.7	2.58
Otros	47.1	6.23
Otros	51.1	1.33
Otros	16.6	10.73
Otros	31.8	4.95
Otros	51.9	3.23
Violencia	40	4.42
Violencia	20.4	1.32
Violencia	32.4	1.19
Violencia	30.8	2.03
Violencia	5.3	0.86
Violencia	7	0.95
Violencia	31.8	0.41
Violencia	13.6	6.1
Violencia	37.3	1.08
Violencia	12	1.53
Violencia	4.1	4.76
Violencia	13.8	0.42
Violencia	15.3	11.76
Violencia	6.4	4.55
Violencia	10.9	7.59
Violencia	16.2	1.49
Violencia	24.6	6.58
Violencia	12.2	6.95
Violencia	17.7	1.05
Otros	49.4	4.37
Otros	21.2	1.89
Otros	45.8	6.77
Otros	27.4	8.29
Otros	35.3	7.37
Otros	22.6	3.98
Otros	30.2	2.83
Otros	12.1	5.83
Otros	33.1	7.23
Otros	33.2	5.99
Otros	36.2	3.04
Otros	25.2	3.86
Otros	32.5	2.73
Otros	28.7	10.15
Otros	34.5	12.22
Otros	37.4	5.9
Otros	31.5	3.67
Otros	28.3	14.18
Otros	26.5	1.44
Otros	40.7	2.1
Otros	34.7	7.52
Otros	28.3	2.56
Otros	35.1	4.86
Otros	41.4	5.12
Otros	54.5	6.31
Otros	25.5	2.86
Otros	39	7.32
Otros	38.9	3.1
Otros	29.6	5.04
Otros	36.9	2.97
Otros	57.3	7.1
Otros	22.7	4.22
Otros	28	9.84
Otros	40.9	4.88
Otros	37.5	2.84
Otros	52	2.27
Otros	26.4	8.93
Otros	23.4	7.43
Otros	24.6	4.83
Otros	17.3	4.4
Otros	50.3	3.43
Otros	21.8	2.41
Otros	38.4	1.57
Otros	2.9	2.27
Otros	42.4	2.27
Otros	3.4	4.79
Otros	26.1	0.74
Otros	30.5	2.76
Otros	42.6	5.48
Otros	36.7	2.86
Otros	28	1.57
Otros	39.2	3.11
Otros	37.2	0.72
Otros	38.7	2.39
Otros	57.2	3.89
Otros	34.6	3.64
Otros	47.8	4.38
Otros	37.3	10.56
Otros	39.2	6.82
Otros	44.5	3.97
Otros	18.6	0.41
Otros	34.2	0.53
Otros	18.9	3.43
Otros	45.4	1.28
Otros	34.6	7.79
Otros	25.8	5.45
Otros	30.5	3.33
Otros	15.2	0.51
Otros	48.8	4.67
Otros	48.6	1.66
Otros	33.6	0.74
Otros	31.2	4.18
Otros	24.6	1.41
Otros	16.2	4.59
Otros	43.1	1.02
Otros	31.9	1.44
Otros	33.9	5.26
Otros	47.3	2.73
Otros	58.7	2.34
Otros	41.8	5.77
Otros	44.2	4.63
Otros	39.3	1.39
Otros	59.4	5.3
Otros	26.9	6.14
Otros	52.5	3.05
Otros	35.1	2.03
Otros	45.1	3.23
Otros	44.2	6.28
Otros	13.4	2.04
Otros	8.9	11.64
Otros	39.2	2.75
Otros	9.6	7.84
Otros	23.6	11.14
Otros	38	4.69
Otros	19.1	7.44
Otros	90.8	2.93
Otros	29.8	6.55
Otros	26.1	4.48
Otros	53.4	7.11
Otros	12.9	8.11
Otros	45.9	2.31
Otros	44.6	4.81
Otros	17.2	6.19
Otros	43.2	4.56
Otros	22.1	9.36
Otros	11.1	12.7
Otros	35.1	4.36
Otros	25.8	3.11
Otros	53.6	7.51
Otros	37.6	7.71
Otros	43.3	13.32
Otros	12.5	13.27
Otros	33.1	3.7
Otros	4.4	12.82
Otros	28.8	11.76
Otros	15.3	14.29
Otros	10.8	7.69
Otros	23.6	4.9
Otros	33.4	4.54
Otros	18.1	3.36
Otros	42.7	12.99
Otros	48.1	8.4
Otros	20.7	7.87
Otros	30.5	10.74
Otros	37.5	3.49
Otros	27.5	11.76
Otros	53.7	3.64
Otros	23.9	6.12
Otros	35.7	3.27
Otros	50.3	4.92
Otros	40.1	7.55
Otros	10.1	7.04
Otros	15.2	10.16
Otros	34.3	8.05
Otros	33.6	2.7
Otros	41.8	5.7
Otros	40.6	5.97
Otros	20.5	4.14
Otros	21.7	4.71
Otros	31.7	6
Otros	22.5	0.93
Otros	22.7	2.22
Otros	40.7	2.56
Otros	35.5	7.21
Otros	52.6	4.39
Otros	49.6	2.44
Otros	47.2	3.87
Otros	44	3.93
Otros	50.9	2.93
Otros	36.8	4.24
Otros	34.1	5.81
Otros	34.5	2.9
Otros	62.9	2.56
Otros	41.2	3.34
Otros	45.2	6.38
Otros	52.1	6.51
Otros	25.9	2.89
Otros	35.8	4.68
Otros	31.4	4.29
Otros	38.8	5.15
Otros	34.5	3.99
Otros	26.5	4.64
Otros	48.2	2.94
Otros	25.5	4.42
Otros	17.5	6.14
Otros	16.4	2.6
Otros	29	3.08
Otros	37.2	1.82
Otros	25.1	6.07
Otros	62	4.72
Otros	24.8	1.92
Otros	45.1	2.83
Otros	50.6	4.37
Otros	40.7	3.55
Otros	51.3	6.39
Otros	28.2	5.56
Otros	25.3	5.62
Otros	61.2	0.53
Otros	26.5	3.39
Otros	38.5	5.26
Otros	78.8	3.5
Otros	14.7	3.03
Otros	22.6	4.23
Otros	38.5	3.09
Otros	29	6.98
Otros	52.4	0.96
Otros	19.8	7.41
Otros	39.7	0.4
Otros	16.7	4.35
Otros	14.3	1.18
Otros	38.8	4.87
Otros	20.4	4.17
Otros	58.7	0.97
Otros	20	7.41
Otros	48.3	2.91
Otros	57	1.56
Otros	36.2	2.11
Otros	55.2	1.22
Otros	32	8.16
Otros	29.1	4.05
Otros	59.4	2.72
Otros	31.5	3.45
Otros	52.2	0.85
Otros	25.5	2.71
Otros	35.1	4.2
Otros	39.1	4.91
Otros	41.2	1.62
Otros	38.2	3.77
Otros	73.4	3.25
Otros	46.2	2.74
Otros	21.2	10.45
Otros	48.9	4.9
Otros	34.8	1.8
Otros	29.6	8.51
Otros	48.3	3.03
Otros	52.2	3.66
Otros	42.9	6.67
Otros	89.7	2.35
Otros	23.1	3.94
Otros	34.2	1.01
Otros	28.9	4.66
Otros	53.1	1.39
Otros	55.9	0.96
Otros	20	1.79
Otros	77.3	2.93
Otros	22.8	1.96
Otros	40	1.33
Otros	39.1	3.47
Otros	13.7	6.98
Otros	28.4	6.43
Otros	50.9	3.11
Otros	43.5	4.41
Otros	33.2	1.71
Otros	41.5	6.45
Otros	40.2	0.79
Otros	49.7	3.17
Otros	38.5	2.13
Otros	41.7	2.42
Otros	43.3	6.19
Otros	49	2.76
Otros	31.4	6.37
Otros	59.8	9.84
Otros	16	5.26
Otros	43.1	7.61
Otros	50.6	12.01
Otros	26.1	14.33
Otros	37.5	5.43
Otros	32.7	7.79
Otros	52.8	1.49
Otros	46.5	4.77
Otros	49.1	2.68
Otros	47.5	5.88
Otros	45.1	2.02
Otros	34.9	1.73
Otros	13.3	9.63
Otros	38.7	4.71
Otros	18.3	4.72
Otros	31.6	4.85
Otros	46.5	0.8
Otros	35.1	12.27
Otros	31	4.54
Otros	43.7	2.36
Otros	28.5	2.82
Otros	39.5	4.58
Otros	43.7	1.68
Otros	48.7	3.03
Otros	50.8	8.3
Otros	44.6	8.53
Otros	34.6	6.08
Otros	51.1	6.52
Otros	27.7	3.68
Otros	40.2	7.43
Otros	51.8	4.73
Otros	48.3	2.94
Otros	43.5	4.99
Otros	43.5	3.45
Otros	47.6	5.35
Otros	20.5	3.61
Otros	43.8	7.09
Otros	35	2.34
Otros	22.6	7.52
Otros	45.2	7.75
Otros	20.2	7.01
Otros	61.1	3.93
Otros	39.8	2.91
Otros	17.8	8.05
Otros	23.7	4.21
Otros	33	3.26
Otros	47.2	2.12
Otros	25.2	2.63
Otros	34.3	3.68
Otros	35.3	8.84
Otros	32.4	7.86
Otros	31.1	4.15
Otros	27	6.83
Otros	43.4	2.38
Otros	46.2	2.77
Otros	18.2	5.53
Otros	41.4	6.21
Otros	20.8	7.94
Otros	53.7	1.76
Otros	43.6	3.68
Otros	30.7	3.98
Otros	41.8	4.33
Otros	46.9	2.64
Otros	36.9	2.44
Otros	24.4	1.8
Otros	21.4	4.7
Otros	29.8	6.82
Otros	41	6.83
Otros	54.9	3.01
Otros	42.6	4.62
Otros	34	6.18
Otros	44.2	3.61
Otros	37.2	5.99
Otros	54.2	3.99
Otros	25.9	6.16
Otros	48.3	1.88
Otros	33	3.74
Otros	37.6	3.55
Otros	33.3	7.54
Otros	57.1	4.7
Otros	25.6	4.95
Otros	33.3	5.57
Otros	29.2	4.23
Otros	33.5	3.52
Otros	47.2	2.67
Otros	34.2	5.75
Otros	42.4	0.34
Otros	34	2.51
Otros	40.8	3.42
Otros	44.3	3.3
Otros	39.8	2.85
Otros	25.7	6.45
Otros	24	1.28
Otros	20.1	2.45
Otros	28.5	4.67
Otros	28.5	1.76
Otros	33.1	1.41
Otros	48	3.95
Otros	40.9	3.92
Otros	31.4	6.79
Otros	50.1	2.15
Otros	62.4	1.52
Otros	23.1	3.49
Otros	23.8	6.52
Otros	45.2	7.94
Otros	23.9	4.48
Otros	88.8	8.21
Otros	38.1	7.84
Otros	20.7	5.79
Otros	24.1	1.85
Otros	43.6	6.15
Otros	26.1	0.84
Otros	50.5	1.55
Otros	52.1	5.6
Otros	27.7	0.9
Otros	22.2	4.39
Otros	25.6	2.2
Otros	16.3	3.35
Otros	10.3	3.02
Otros	27.8	3.89
Otros	59.1	1.4
Otros	15	0.55
Otros	25.9	1.93
Otros	22.2	2.89
Otros	31.6	4.59
Otros	38.8	0.18
Otros	44.6	6.78
Otros	34.8	7.35
Otros	7.1	7.46
Otros	2.6	11.76
Otros	15	11.69
Otros	6	1.67
Otros	24.3	6.81
Violencia	14.5	4.17
Otros	31.4	1.08
Otros	20.4	4.29
Otros	15.6	3.28
Otros	5.6	3.75
Otros	58.2	3.43
Otros	35.1	2.64
Otros	40.7	10.77
Otros	49.2	1.57
Otros	36.6	2.68
Otros	24.2	6.27
Otros	34.7	4.4
Otros	21.3	3.4
Otros	23.1	1.5
Otros	31.1	2.49
Otros	23.4	6.48
Otros	23.8	3.32
Otros	23.6	2.85
Otros	30.4	2.68
Otros	29.7	8.49
Otros	28.3	10
Otros	40.4	2.94
Otros	38.4	3.66
Otros	43.1	2.87
Otros	26.5	7.41
Otros	21.3	3.35
Otros	29	2.38
Otros	12.7	6.2
Otros	26.4	0.72
Otros	15.5	0.82
Otros	51.7	2.31
Otros	16.1	1.71
Otros	31.8	2.55
Otros	35.4	3.47
Otros	23.3	11.91
Otros	47.2	1.33
Otros	48.3	9.57
Otros	27.1	2.36
Otros	28.2	9.92
Otros	59.5	1.03
Otros	36.9	7.03
Otros	47.4	0.77
Otros	20.8	7.29
Otros	54.3	3.43
Otros	15.1	4.68
Otros	37.2	5.61
Otros	34.4	3.99
Otros	25.1	8.01
Otros	54.7	3.03
Otros	52.9	2.63
Otros	40.4	1.75
Otros	42.9	10.5
Otros	54.4	2.81
Otros	42.9	2.09
Otros	35.1	2.92
Otros	22.6	1.91
Otros	37.9	2.12
Otros	87.5	1.61
Otros	32.2	3.47
Otros	29.6	11.24
Otros	45.9	2.14
Otros	25	11.99
Otros	41.2	2.25
Otros	53.6	3.54
Otros	51.9	2.2
Otros	60.1	3.01
Otros	47.3	4.55
Otros	55.3	3.13
Otros	38.2	1.41
Otros	49.4	2.23
Otros	55	1.81
Otros	40.3	1.69
Otros	15.9	6.51
Otros	12.2	2.79
Otros	19.4	5.78
Otros	45.3	0.93
Otros	62.5	1.67
Otros	30.3	6.21
Otros	39.1	4.03
Otros	29.5	0.34
Otros	26.6	0.72
Otros	28.7	9.66
Otros	61.3	1.21
Otros	58	2.55
Otros	27.1	3.26
Otros	67.6	4.84
Otros	19.3	0.51
Otros	38.7	0.98
Otros	30.4	7.27
Otros	32.9	2.92
Otros	44.7	9.6
Otros	47	1.25
Otros	22.3	3.64
Otros	38.4	8.98
Otros	56.8	2.18
Otros	27.7	12.44
Otros	38.3	3.46
Otros	37.1	4.45
Otros	58.6	2.15
Otros	45.6	2.51
Otros	45.5	2.46
Otros	36.2	2.45
Otros	62.1	3.34
Otros	27.4	5.99
Otros	37.6	5.32
Otros	46.7	3.66
Otros	42.6	4.29
Otros	14.8	7.21
Otros	28.3	1.46
Otros	25	2.97
Otros	17.2	0.65
Otros	27.4	6.14
Otros	16.8	6.5
Otros	20.4	0.32
Otros	10.5	5.14
Otros	49.6	4.81
Otros	41.1	4.35
Otros	40	11.29
Otros	26.5	12.76
Otros	16.7	3.54
Otros	33.2	5.85
Otros	29.8	4.64
Otros	19.6	1.2
Otros	19.8	6.96
Otros	54.9	2.38
Otros	51	3.29
Otros	33.9	9.01
Otros	37.4	0.92
Otros	42.4	1.69
Otros	40.7	1.3
Otros	35.1	9.14
Otros	54.3	0.44
Otros	56.2	0.54
Otros	28.2	0.87
Otros	33.8	2.33
Otros	26.4	5.34
Otros	29.7	4.9
Otros	50.4	1.51
Otros	42.5	3.38
Otros	31.4	0.8
Otros	32.2	2.46
Otros	46.4	1.56
Otros	37.7	1.49
Otros	51.8	4.45
Otros	49.1	3.19
Otros	31	2.06
Otros	12.7	2.04
Otros	34.8	6.87
Otros	20.1	4.55
Otros	20.2	1.83
Otros	38.6	2.75
Otros	16.5	0.88
Otros	30.3	2.26
Otros	35.5	1.59
Otros	31.9	9.35
Otros	28.3	3.89
Otros	20	5.56
Otros	18.6	4.73
Otros	31.7	3.73
Otros	37.9	1.54
Otros	32	1.24
Otros	28.4	4.46
Otros	3.1	8.06
Otros	34.3	1.7
Otros	17.5	10.62
Otros	20.1	4
Otros	7.2	0.79
Otros	42.3	8.65
Otros	46.3	2.01
Otros	18.7	0.97
Otros	38.6	2.73
Otros	16.7	4.02
Otros	43.6	1.02
Otros	26.3	4.23
Otros	19.9	5.35
Otros	36.2	1.52
Otros	27.3	2.16
Otros	18.6	7.56
Otros	23.1	4.53
Otros	41.4	2.86
Otros	14.2	2.04
Otros	44.7	2.5
Otros	36.8	1.14
Otros	28.8	1.51
Otros	44.8	7.47
Otros	50.7	1.87
Otros	35.3	5.92
Otros	48	1.53
Otros	66.6	2.94
Otros	36.4	2.17
Otros	48.9	3.15
Otros	40.9	3.45
Otros	44.7	5.8
Otros	30.2	5.8
Otros	64.3	2.36
Otros	20.4	1.72
Otros	74.8	3.75
Otros	42.1	7.14
Otros	53.7	3.74
Otros	42.8	6.61
Otros	41.4	4.25
Otros	35.9	1.77
Otros	41.6	1.67
Otros	37.2	3.8
Otros	75.6	1.16
Otros	48.7	2.25
Otros	22.8	0.88
Otros	46.2	4.76
Otros	40.5	1.67
Otros	64.1	1.5
Otros	58	2.82
Otros	34.1	4.05
Otros	57.5	3.57
Otros	39.9	5.66
Otros	59.2	2.91
Otros	40	3.42
Otros	54.1	4.28
Otros	32.9	2.22
Otros	79	2.45
Otros	50	1.11
Otros	24.9	2.73
Otros	34.8	1.33
Otros	27.6	2.3
Otros	20.9	14.29
Otros	50	1.18
Otros	43.2	3.08
Otros	23.8	4.7
Otros	44.3	3.17
Otros	37.1	10.66
Otros	52.2	6.74
Otros	48.7	10.86
Otros	46	5.38
Otros	36.3	12.18
Otros	55.6	4.61
Otros	45	3.8
Otros	27.4	11.11
Otros	26.2	5.8
Otros	29.1	11.43
Otros	39.1	3.49
Otros	57.6	3.09
Otros	46.8	10
Otros	90.2	4.67
Otros	31.2	2.49
Otros	42.6	3.31
Otros	38.6	9.68
Otros	25.5	5.43
Otros	44.1	4.84
Otros	12.6	2.34
Otros	37.8	4.62
Otros	49.9	2.29
Otros	44.8	1.06
Otros	40.4	2.04
Otros	37.4	2.97
Otros	42.8	5.93
Otros	48.2	2.4
Otros	39.8	7.69
Otros	29.6	5.18
Otros	49.5	6.4
Otros	31.3	5.88
Otros	33.9	3.98
Otros	49.5	8.97
Otros	65	2.56
Otros	46.1	3.11
Otros	80.2	3.15
Otros	23.3	2.24
Otros	71.8	4.5
Otros	63.7	2.83
Otros	60.3	0.91
Otros	43.9	2.54
Otros	46.9	5.84
Otros	36	1.61
Otros	48.2	4
Otros	43.2	2.44
Otros	53.1	1.79
Otros	30.5	1.79
Otros	47.2	2.08
Otros	50.5	1.22
Otros	52.1	1.22
Otros	24.7	2.82
Otros	42.2	7.48
Otros	38.8	2.29
Otros	48.6	8.89
Otros	81.2	0.34
Otros	55.9	5.14
Otros	62.9	1.19
Otros	43.7	1.56
Otros	56.6	5.34
Otros	36.4	7.59
Otros	52.7	4.83
Otros	52.5	3.65
Otros	42.5	5.58
Otros	44.7	1.87
Otros	52.7	6.83
Otros	32.8	2.9
Otros	43.3	3.46
Otros	40	0.97
Otros	36	6.43
Otros	68.1	3.98
Otros	30.5	7.47
Otros	37.9	3.33
Otros	41.7	3.16
Otros	37.1	1.32
Otros	24	2.76
Otros	23.7	1.49
Otros	46.6	1.08
Otros	39.9	5.43
Otros	28.7	3.62
Otros	38.7	1.24
Otros	34.9	1.81
Otros	37.4	2.6
Otros	22.8	2.76
Otros	34.6	1.36
Otros	44.7	4.99
Otros	43.1	2.62
Otros	49.2	1.95
Otros	55.2	3.82
Violencia	35	4.09
Violencia	27.8	13.28
Violencia	25.4	6.14
Violencia	11.2	5.73
Violencia	18.1	5.85
Violencia	34.5	4.84
Violencia	22.4	4.94
Violencia	12.1	4.2
Violencia	13.6	3.92
Violencia	26.8	3.28
Violencia	23.2	4.2
Violencia	31.1	9.82
Violencia	17.4	6.32
Violencia	23.7	6.88
Violencia	16.5	3.08
Violencia	46.9	8.57
Violencia	18.5	6.6
Violencia	13.5	6.67
Violencia	17.5	0.28
Violencia	22.2	2.74
Violencia	23.8	5.59
Violencia	18.8	5.03
Violencia	26.6	1.49
Violencia	59.3	4.48
Violencia	31.2	4.02
Violencia	32.2	3.86
Violencia	32	4.13
Violencia	26.9	0.7
Violencia	15.4	6.98
Violencia	24.1	5.84
Violencia	21	6.52
Violencia	33.2	6.82
Violencia	12.1	6.59
Violencia	8.1	6.09
Violencia	24.7	0.72
Violencia	26.1	4.18
Violencia	22.9	2.79
Violencia	35.7	2.31
Violencia	16.5	6.31
Violencia	24.9	3.22
Violencia	14	2.8
Violencia	36.1	3.54
Violencia	40.6	10.01
Violencia	22.6	0.95
Violencia	27.1	8.54
Violencia	19.5	1.44
Violencia	42.5	2
Violencia	12.6	7.38
Violencia	28.3	4.64
Violencia	16.4	12.26
Violencia	25.1	9.83
Violencia	16.3	7.56
Violencia	36.6	6.52
Violencia	13.4	2.03
Violencia	25	6.91
Violencia	19.9	5.35
Violencia	37.6	5.81
Otros	38.4	2.78
Otros	39.8	5.33
Otros	32.6	3.13
Otros	20.5	3.13
Otros	35.4	0.8
Otros	26	5.43
Otros	29.7	4.05
Otros	39.8	1.59
Otros	39.9	0.27
Otros	27.2	4.92
Otros	36.2	2.65
Otros	25.8	0.72
Otros	14.2	3.57
Otros	25.6	2.03
Otros	38.4	4.74
Otros	32.8	2.47
Otros	31.3	3.12
Otros	32.5	3.38
Otros	14	3.53
Otros	27.9	1.66
Otros	28.2	2.09
Otros	27.6	7.97
Otros	38.9	2.9
Otros	28.9	6.84
Otros	46.6	1.89
Otros	44.6	4.69
Otros	24.3	9.18
Otros	25.1	1.57
Otros	23.9	0.45
Otros	47.3	2.61
Otros	43.8	1.48
Otros	43.8	4.1
Otros	36.7	0.97
Otros	37.9	2.32
Otros	22.2	0.96
Otros	48.9	2.23
Otros	21.6	0.98
Otros	53.3	1.42
Otros	30	2.19
Otros	32.8	7.12
Otros	45.5	3.77
Otros	20.9	2.3
Otros	25.3	2.82
Otros	13.9	2.13
Otros	50.7	3.3
Otros	18.5	3.44
Otros	43	4.19
Otros	27.4	2.2
Otros	31.3	0.54
Otros	40.6	1.82
Otros	23.5	2.98
Otros	32.5	2.83
Otros	51.3	3.13
Otros	44.4	0.65
Otros	43.9	4.02
Otros	64.6	4.5
Otros	43.8	2.02
Otros	40.5	2.86
Otros	28.7	1.89
Otros	30.4	4.02
Otros	40.3	5.04
Otros	32.4	2.87
Otros	54.7	1.29
Otros	28	3.16
Otros	55.7	3.95
Otros	32.5	1.61
Otros	60.7	3.55
Otros	50.3	1.62
Otros	68.7	0.27
Otros	41.4	1.22
Otros	39.2	3.04
Otros	45	5.76
Otros	46.7	0.94
Otros	30.2	12
Otros	38.8	0.36
Otros	51.8	6.33
Otros	54.4	4.13
Otros	28.9	3.88
Otros	67.5	2.54
Otros	52.4	0.58
Otros	57.5	4.11
Otros	31.8	6.13
Otros	21.2	7.27
Otros	52.4	5.93
Otros	36	1.18
Otros	45.8	5.31
Otros	33.7	2.31
Otros	54	6.12
Otros	44.3	3.66
Otros	48.7	0.93
Otros	55.9	6.08
Otros	25.7	1.52
Otros	22.3	2.27
Otros	36	0.53
Otros	63.9	4.08
Otros	46.6	4.23
Otros	40.8	1.61
Otros	35.1	3.7
Otros	51.1	2.72
Otros	33	2.01
Otros	54.4	1.69
Otros	39.7	2.32
Otros	44	2.44
Otros	22.6	3.13
Otros	62.8	2.58
Otros	42.9	1.12
Otros	7.9	4.17
Otros	24.7	3.61
Otros	58.6	0.78
Otros	45.2	1.19
Otros	30.1	6.09
Otros	28.8	4.03
Otros	55.1	0.55
Otros	45.1	2.16
Otros	42.2	0.79
Otros	63.6	3.02
Otros	38.2	0.46
Otros	39.6	1.6
Otros	29.1	1.46
Otros	39.3	1
Otros	40.9	4.06
Otros	43.2	2.94
Otros	48.9	4.07
Otros	38	0.79
Otros	54.9	1.1
Otros	43.2	2.68
Otros	38.5	2.53
Otros	37.4	1.66
Otros	43	1.57
Otros	46.5	2
Otros	44.1	1.98
Otros	57.4	6.29
Otros	33.5	3.05
Otros	44.1	0.79
Otros	18.2	1.61
Otros	39.6	9.77
Otros	40	1.7
Otros	44.2	2.51
Otros	40	2.7
Otros	51.7	2.69
Otros	49.1	6.35
Otros	34.3	6.8
Otros	40.5	1.62
Otros	28.6	6.6
Otros	25	6.03
Otros	51.4	1.89
Otros	57	1.08
Otros	28.2	3.73
Otros	32.5	2.56
Otros	40.7	3.57
Otros	60.4	2.27
Otros	48.4	1.79
Otros	46.7	4
Otros	22	1.23
Otros	49.3	2.5
Violencia	36.5	3.82
Violencia	1.7	5.59
Violencia	13.3	2.33
Violencia	24.1	0.89
Violencia	27	0.38
Violencia	6.2	6.98
Violencia	35.8	2.36
Violencia	15.6	7.14
Violencia	39.5	2.87
Violencia	14.1	2.1
Violencia	6	3.8
Violencia	10.7	1.77
Violencia	6.6	0.98
Violencia	12	10.13
Violencia	25.1	1.59
Violencia	17.3	4.8
Otros	47	4.63
Otros	22	3.94
Otros	38	1.44
Otros	30.3	6.96
Otros	34.2	7.24
Otros	22.7	3.16
Otros	31.1	4.66
Otros	14.6	1.89
Otros	38.7	6.45
Otros	30.8	4.88
Otros	36	4.61
Otros	27.1	4.87
Otros	28.9	8.95
Otros	33.7	9.64
Otros	36.4	2.87
Otros	33.8	3.85
Otros	42.1	3.72
Otros	27	5.31
Otros	34.6	5.7
Otros	34.7	7.27
Otros	39.1	6.57
Otros	40.5	4.78
Otros	53.5	3.59
Otros	27.7	2.59
Otros	36.6	7.94
Otros	42.7	6.69
Otros	31.4	1.05
Otros	43.3	5.42
Otros	53.7	8.87
Otros	27	1.98
Otros	28	6.78
Otros	40.6	5.95
Otros	34.5	2.34
Otros	49.7	1.66
Otros	25.7	14.33
Otros	22.9	4.58
Otros	21.3	0.58
Otros	13.5	8.29
Otros	12.5	6.62
Otros	22.7	1.94
Otros	48	1.81
Otros	21.4	1.32
Otros	35.2	11.67
Otros	3.3	5.94
Otros	44.6	2.64
Otros	3.1	4.19
Otros	25.6	2.31
Otros	34.7	2.63
Otros	39.6	3.84
Otros	38.9	4.7
Otros	25.4	4.29
Otros	33.3	1.09
Otros	33.8	3.05
Otros	46.7	0.85
Otros	30.6	1.36
Otros	38.1	2.85
Otros	33.9	2.5
Otros	37	1.95
Otros	39.6	0.44
Otros	20	3.23
Otros	32	1.94
Otros	17.2	5.11
Otros	40.1	3.24
Otros	32.4	1.58
Otros	26.3	2.35
Otros	28.3	0.67
Otros	11.9	3.78
Otros	40.9	0.94
Otros	45.4	0.58
Otros	33.6	2.22
Otros	27.5	2.96
Otros	26	9.29
Otros	12.8	3.7
Otros	36.8	0.28
Otros	23.2	3.35
Otros	29.1	3.11
Otros	45.3	4.49
Otros	60.1	6.13
Otros	29.1	7.95
Otros	54.9	3.06
Otros	55.7	5.56
Otros	46.3	8.06
Otros	28.3	5.94
Otros	52.9	3.28
Otros	34.2	5.64
Otros	47.3	5.4
Otros	57.1	7.95
Otros	6	9.26
Otros	17.9	5.34
Otros	9.8	1.8
Otros	8	11.65
Otros	43.3	5.84
Otros	11.5	7.84
Otros	27.7	4.99
Otros	38.1	11.65
Otros	19	1.69
Otros	9.9	1.65
Otros	95.8	4.71
Otros	28	5.81
Otros	29.3	4.23
Otros	29.5	2.63
Otros	52.9	2.39
Otros	15.9	6.69
Otros	44.4	1.75
Otros	19.8	0.4
Otros	53.8	1.55
Otros	53.8	0.96
Otros	36.6	0.58
Otros	9.1	12.95
Otros	56.5	1.44
Otros	18	6.02
Otros	19.4	1.18
Otros	41.2	0.8
Otros	42.2	1.21
Otros	10.7	0.9
Otros	22.8	1.87
Otros	8.2	2.99
Otros	9.8	0.9
Otros	36.6	3.48
Otros	32.6	0.7
Otros	34.2	3.94
Otros	45.9	1.96
Otros	37.6	2.75
Otros	55.9	0.53
Otros	46.9	0.4
Otros	34.2	4.58
Otros	46.1	0.39
Otros	33.8	2.7
Otros	32.4	0.7
Otros	7.6	13.89
Otros	38.6	1.55
Otros	15.3	0.71
Otros	15	9.48
Otros	28.9	11.58
Otros	3.9	0.79
Otros	25.9	0.85
Otros	7.3	0.7
Otros	11.6	2.61
Otros	33.9	1.27
Otros	45.1	2.61
Otros	44.8	0.85
Otros	18.7	1.03
Otros	31.9	9.22
Otros	16.6	0.56
Otros	29.7	2.61
Otros	26.6	2.59
Otros	24.6	3.74
Otros	2.1	4.11
Otros	8.4	3.4
Otros	43.1	1.31
Otros	38.2	2.12
Otros	34.1	0.45
Otros	19.4	1.53
Otros	31.3	0.45
Otros	47.9	0.34
Otros	43.4	4.35
Otros	20.8	5.54
Otros	32.9	3.35
Otros	44.5	2.02
Otros	32.5	3.26
Otros	31.3	13.16
Otros	28.9	2.75
Otros	47.6	1.9
Otros	24.8	4.11
Otros	34.6	10.69
Otros	34.9	0.44
Otros	44.1	1.83
Otros	15.9	1.94
Otros	13.2	0.68
Otros	36.3	2.48
Otros	32.1	2.29
Otros	6.7	1.75
Otros	27.4	8.26
Otros	11.7	8.66
Otros	18.3	0.93
Otros	33.5	1.8
Otros	33.1	6.1
Otros	36.5	4.71
Otros	39.6	3.88
Otros	36.1	5.19
Otros	37.2	2.33
Otros	17	4.35
Otros	21	7.53
Otros	37	1.38
Otros	33.7	0.94
Otros	20.7	1.67
Otros	20.6	5.8
Otros	11.7	7.39
Otros	20.1	8.39
Otros	29.7	3.6
Otros	21.5	5.56
Otros	34.3	2.29
Otros	50.8	4.82
Otros	55.2	3.26
Otros	46.1	6.05
Otros	46.2	5.04
Otros	39.1	5.77
Otros	44.7	4.23
Otros	38.4	5.75
Otros	36.5	6.35
Otros	36.3	2.42
Otros	62.9	4.23
Otros	37.9	3.87
Otros	55	2.78
Otros	51	7.53
Otros	32.8	4.91
Otros	38.2	6.25
Otros	30.3	6.44
Otros	38.7	7.12
Otros	45.8	3.31
Otros	27.7	2.92
Otros	45.2	7
Otros	28.5	3.55
Otros	17.7	5.15
Otros	17	5.39
Otros	34.7	2.11
Otros	40	2.63
Otros	23.1	6.06
Otros	58.4	3.53
Otros	27.9	5.56
Otros	47.7	1.53
Otros	52.5	3.8
Otros	40.3	2.53
Otros	51.7	4.24
Otros	36.4	9.4
Otros	22.9	5.16
Otros	42.7	6.98
Otros	16.5	5.56
Otros	51.4	4.17
Otros	40	4.41
Otros	70.1	3
Otros	27.1	2.7
Otros	23.7	3.23
Otros	31.8	8.11
Otros	56.2	0.81
Otros	17.8	4.55
Otros	40.3	6.13
Otros	17	2.54
Otros	14.7	10.1
Otros	38.3	3.88
Otros	24	3.13
Otros	56.2	2.83
Otros	28.7	5.22
Otros	45.3	5.16
Otros	34.3	3.12
Otros	21.8	3.9
Otros	64.5	1.62
Otros	46.2	1.96
Otros	32.9	8
Otros	54	2.5
Otros	37	3.57
Otros	46.3	1.71
Otros	23.4	0.71
Otros	22.6	3.16
Otros	38.2	5.36
Otros	36.6	4.28
Otros	41.5	2.66
Otros	44.3	4.29
Otros	73.3	2.95
Otros	48.6	5.84
Otros	31.7	2.13
Otros	40.9	6.06
Otros	52	0.61
Otros	35.6	2.27
Otros	38.5	1.64
Otros	40.2	5.26
Otros	44.1	1.04
Otros	52	3.69
Otros	97	1.29
Otros	28	2.19
Otros	34.1	6.02
Otros	29.9	6.48
Otros	54.6	12.75
Otros	66.8	2.74
Otros	29.8	2.53
Otros	71.9	2.55
Otros	34	4.26
Otros	20.5	4.29
Otros	37.6	2.99
Otros	37	3.81
Otros	33.3	2.08
Otros	18.1	8.7
Otros	29.2	5.26
Otros	48.1	1.43
Otros	45.5	6.05
Otros	31.8	4.89
Otros	45.7	6.19
Otros	33	8.78
Otros	50.7	7.64
Otros	53.3	1.98
Otros	21.6	2.56
Otros	49.3	4.03
Otros	43.5	3.93
Otros	48.4	4.2
Otros	39.6	4.55
Otros	31.9	13.72
Otros	52.5	8.14
Otros	40.5	1.35
Otros	31.3	7.45
Otros	31.4	0.8
Otros	40.7	5.58
Otros	16.9	2.13
Otros	36.2	0.53
Otros	45.6	2.58
Otros	31.6	8.84
Otros	23.6	1.76
Otros	38.6	2.85
Otros	21.5	0.35
Otros	33	2.26
Otros	27.2	4.99
Otros	51.7	4.15
Otros	30.8	4.85
Otros	24	0.95
Otros	47.8	2.31
Otros	30.9	3.59
Otros	23.5	7.32
Otros	22.2	0.37
Otros	38.4	4.69
Otros	46.2	3.36
Otros	38.1	4.88
Otros	38.1	6.54
Otros	35.5	2.53
Otros	14.3	8.91
Otros	34.7	6
Otros	17.2	5.47
Otros	34.5	2.23
Otros	48.1	1.47
Otros	36.3	3.62
Otros	31	5.8
Otros	34.4	4.68
Otros	31.1	1.53
Otros	37.8	2.16
Otros	39.1	4.48
Otros	46.5	2.52
Otros	49	5.76
Otros	39.3	4.92
Otros	32.9	3.61
Otros	46.9	5.18
Otros	28.3	3.53
Otros	36.6	5.13
Otros	51	8.09
Otros	48.9	4.21
Otros	42.5	7.65
Otros	48.7	4.44
Otros	40.8	1.33
Otros	22.2	12.22
Otros	40.7	5.99
Otros	37.3	2.02
Otros	41.6	3.15
Otros	19.2	9.83
Otros	59.7	6.51
Otros	43.2	8.96
Otros	18.6	8.78
Otros	25.9	3.96
Otros	38.3	5.14
Otros	42.5	3.49
Otros	23.8	9.9
Otros	35.3	4.34
Otros	26.8	1.56
Otros	26.9	6.17
Otros	37.1	3.73
Otros	25.9	3.3
Otros	25.2	5.62
Otros	46.5	3.85
Otros	42.6	4.01
Otros	17.4	7.92
Otros	43.5	4.37
Otros	23.5	6.15
Otros	25	5.21
Otros	41.8	4.93
Otros	19.1	1.61
Otros	55.6	3.24
Otros	44.8	2.79
Otros	37.2	5.23
Otros	41.2	4.42
Otros	44.2	4.91
Otros	45.2	2.42
Otros	38.4	9.01
Otros	25.7	4.84
Otros	22.4	3.45
Otros	50.8	3.8
Otros	32.6	6.33
Otros	44.9	3.12
Otros	59.8	5.08
Otros	44.7	3.79
Otros	37.6	3.14
Otros	47.1	1.27
Otros	42.4	3.3
Otros	55.3	2.44
Otros	27	1.85
Otros	45.8	2.44
Otros	35.1	4.59
Otros	42.8	1.98
Otros	31.1	7.72
Otros	55.5	3.56
Otros	28.8	6.57
Otros	33.2	2.4
Otros	29.3	2.22
Otros	41.5	5.44
Otros	50.1	4.7
Otros	37	4.6
Otros	37.4	6.42
Otros	33.5	4.05
Otros	44.2	2.87
Otros	44.8	3.65
Otros	38.1	4.99
Otros	27	8.02
Otros	23.1	6.06
Otros	18.7	5.43
Otros	27.9	1.02
Otros	24.7	2.56
Otros	31.2	3.08
Otros	49.6	3.45
Otros	43.4	4.88
Otros	29	5.63
Otros	40.4	9.32
Otros	58.7	7.72
Otros	32.1	4.57
Otros	26.2	6.49
Otros	44.9	3.49
Otros	26.8	3.68
Otros	11.5	10.26
Otros	82.8	8.28
Otros	30.5	2.5
Otros	21.6	2.86
Otros	26	2.46
Otros	43.4	4.82
Otros	59.7	7.87
Otros	48.5	3.29
Otros	30.1	6.14
Otros	22.4	7.18
Otros	25.5	3.64
Otros	18.7	9.81
Otros	9.9	8.44
Otros	32.5	5.8
Otros	57.3	0.35
Otros	19	4.34
Otros	21.6	5.38
Otros	23	4.33
Otros	33.7	9.32
Otros	38.9	0.97
Otros	53.8	2.63
Otros	35.1	9.04
Otros	8.2	11.76
Otros	3.5	3.7
Otros	5.1	1.52
Otros	15.7	5.88
Otros	7.9	3.77
Otros	14.6	8.44
Otros	5.3	8
Otros	25.2	3.63
Otros	16.8	5.88
Otros	11.5	4.66
Otros	4.9	1.67
Violencia	11.3	10.47
Violencia	8.7	3.33
Otros	32.8	4.44
Otros	18.5	1.9
Otros	5.2	6.25
Otros	57	2.89
Otros	38.3	3.42
Otros	43.2	1.94
Otros	35	3.1
Otros	25.9	3.48
Otros	31.9	1.3
Otros	25.9	2.34
Otros	26	2.9
Otros	22	4.43
Otros	34.6	2.48
Otros	21	0.83
Otros	22.6	4.48
Otros	23.8	2.14
Otros	86.2	1.18
Otros	33.9	1.98
Otros	37.6	3.55
Otros	31.3	4.08
Otros	39.9	2.7
Otros	28.8	1.63
Otros	27	2.53
Otros	27.2	4.74
Otros	14.6	4.14
Otros	28	3.45
Otros	16.9	7.63
Otros	18.7	2.06
Otros	50.2	4.55
Otros	18.4	3.2
Otros	31.5	0.5
Otros	24.3	4.98
Otros	47	1.08
Otros	26.1	6.37
Otros	25	4.49
Otros	61.3	1.38
Otros	42.7	7
Otros	21.8	0.92
Otros	55.1	2.48
Otros	19	3.96
Otros	34.5	6.07
Otros	30.2	1.95
Otros	28.1	5.98
Otros	45.2	1.79
Otros	51.1	1.91
Otros	38	1.1
Otros	40.8	3.66
Otros	52.3	4.64
Otros	45.1	2.01
Otros	31.4	1.96
Otros	39	5.42
Otros	27.2	5.08
Otros	41.6	1.29
Otros	78.8	2.04
Otros	33	2.38
Otros	44.2	2.79
Otros	27.5	5.15
Otros	37.2	13.73
Otros	55.7	1.2
Otros	52	2.09
Otros	56.8	6.35
Otros	52.9	2.03
Otros	32.1	0.48
Otros	48.4	2.15
Otros	54.7	2.05
Otros	35.7	0.65
Otros	3.9	4.76
Otros	15.9	2.97
Otros	18.7	5.41
Otros	16.6	12.46
Otros	51.5	1.98
Otros	16.5	4.07
Otros	31.8	3.8
Otros	36.7	2.52
Otros	27.2	4.32
Otros	24.7	2.6
Otros	27.4	1.26
Otros	70.9	3.75
Otros	54.2	3.43
Otros	33.7	3.15
Otros	69.7	2.32
Otros	21.7	3.7
Otros	39.5	1.59
Otros	34.4	6.17
Otros	46.8	2.54
Otros	22.1	2.25
Otros	40.8	6.08
Otros	49.8	1.12
Otros	34	3.82
Otros	40.3	2.4
Otros	43.4	4.77
Otros	62.2	2.65
Otros	41.6	1.89
Otros	45.1	1.92
Otros	45.1	1.87
Otros	59.3	3.08
Otros	26.3	11.53
Otros	37.1	3.58
Otros	40.6	2.58
Otros	43.4	0.78
Otros	13.5	6.43
Otros	32.4	0.75
Otros	27.7	1.38
Otros	26.7	3.35
Otros	21.8	0.61
Otros	10.4	0.56
Otros	41.5	0.71
Otros	36.2	1.08
Otros	40.6	3.44
Otros	32.1	0.51
Otros	9.8	1.19
Otros	33.9	3.88
Otros	30.6	1.16
Otros	25.1	3.31
Otros	15.7	2.63
Otros	50.7	3.08
Otros	52.9	1.67
Otros	33.2	0.49
Otros	39.5	5.57
Otros	36.9	2.54
Otros	45.9	2.01
Otros	41.5	1.1
Otros	32.1	3.62
Otros	52.8	0.89
Otros	52.5	0.14
Otros	36.4	4.33
Otros	26.2	1.94
Otros	31.1	0.17
Otros	55.6	0.47
Otros	42.6	0.67
Otros	26.5	5.05
Otros	33.6	3.86
Otros	31.6	1.22
Otros	37.6	5.5
Otros	37.4	1.07
Otros	52.7	3.74
Otros	49.1	2.78
Otros	32	1.73
Otros	10.6	3.27
Otros	11.6	0.6
Otros	34.2	1.28
Otros	20.6	4.2
Otros	30.5	1.48
Otros	18.6	0.83
Otros	29.1	0.87
Otros	41.2	0.68
Otros	30.9	1.89
Otros	20.9	0.53
Otros	26.8	1.51
Otros	33.3	1.52
Otros	38.9	0.65
Otros	37.3	1.46
Otros	31.9	3.36
Otros	37.6	1.42
Otros	15	1.83
Otros	13.3	1.15
Otros	21.7	3.37
Otros	11.2	0.99
Otros	42.9	3.7
Otros	18.3	0.44
Otros	45.1	0.97
Otros	46.9	0.83
Otros	28.7	2.54
Otros	19.6	5.08
Otros	29.6	0.22
Otros	18.1	5.01
Otros	19.1	2.1
Otros	34.4	1.09
Otros	42.5	0.47
Otros	14.6	2.39
Otros	44.3	1.82
Otros	37.5	1.2
Otros	51.1	1.81
Otros	36.4	2.11
Otros	50	2.24
Otros	61	0.77
Otros	29.9	5
Otros	54.2	1.33
Otros	43.1	0.56
Otros	36.3	5.56
Otros	60	4.88
Otros	38	3.4
Otros	60.9	1.54
Otros	23	3.33
Otros	65.9	3.68
Otros	43	4.12
Otros	55.1	2.72
Otros	53.9	1.56
Otros	43.7	4.87
Otros	25.7	2.2
Otros	50	2.34
Otros	42.1	0.44
Otros	30.5	1.39
Otros	56.3	8.79
Otros	44.9	1.4
Otros	47.1	2.53
Otros	48.7	6.56
Otros	63.9	1.63
Otros	52.7	1.89
Otros	49.7	5
Otros	53.1	4.05
Otros	48.7	0.87
Otros	79.4	3.81
Otros	39.2	1.8
Otros	46.9	2.63
Otros	46.8	1.96
Otros	79.2	1.98
Otros	51.9	1.11
Otros	31.2	4.1
Otros	32.4	8.57
Otros	35.8	2.82
Otros	25	2.67
Otros	17.4	3.77
Otros	51.1	1.89
Otros	58.2	4.55
Otros	43.7	1.61
Otros	39.6	0.92
Otros	28.8	4.43
Otros	42.6	2.88
Otros	43.1	6.2
Otros	53	2.48
Otros	43.3	2.61
Otros	43.7	4.05
Otros	38.4	6.17
Otros	54.8	3.71
Otros	45.2	1.25
Otros	36.6	5.26
Otros	26.3	1.62
Otros	46.9	1.11
Otros	57	3.79
Otros	64.2	10.77
Otros	29.1	2.04
Otros	33	3.77
Otros	38.5	6.36
Otros	34.4	5.13
Otros	26.3	8.87
Otros	43.8	2.68
Otros	15.3	0.73
Otros	37.9	2.74
Otros	51.6	5
Otros	43.6	1.2
Otros	45.5	2.55
Otros	47.5	2.08
Otros	30.9	6.1
Otros	49	5.44
Otros	39.9	5.26
Otros	32.6	2.59
Otros	32.1	1.23
Otros	34.3	1.98
Otros	37.6	9.23
Otros	79.5	2
Otros	49.6	0.72
Otros	81	1.28
Otros	30.4	6.21
Otros	79	0.68
Otros	62.4	2.34
Otros	64.5	2.54
Otros	54.2	1.05
Otros	33.3	5.46
Otros	45.7	0.67
Otros	34.5	1.39
Otros	40.3	0.76
Otros	42.8	6.02
Otros	45.4	2.19
Otros	55.2	4.26
Otros	38.5	1.83
Otros	44	1.18
Otros	52.8	1.27
Otros	50.9	1.29
Otros	42.3	3.3
Otros	40.2	1.29
Otros	47.8	2.22
Otros	60.7	4.09
Otros	69.6	1.37
Otros	41.9	0.8
Otros	54.6	1.09
Otros	34.4	5.63
Otros	59.4	3.9
Otros	53.9	2.42
Otros	45.2	3.16
Otros	39.8	1.66
Otros	52.7	2.54
Otros	30.9	2.58
Otros	45.6	6.43
Otros	40	4.13
Otros	39.2	5.19
Otros	63.5	2.22
Otros	30.5	6.49
Otros	34.3	1.94
Otros	42.1	6.39
Otros	27.1	8.06
Otros	21.5	1.87
Otros	25.7	4.17
Otros	43.9	3.06
Otros	32.5	5.79
Otros	32.5	3.35
Otros	40.3	3.07
Otros	31	4.44
Otros	40.8	3.05
Otros	26.9	5.85
Otros	29.7	0.78
Otros	47.4	2.23
Otros	42.1	1.4
Otros	50.9	1.78
Otros	51.1	2.28
Violencia	34.4	3.64
Violencia	26.9	8.33
Violencia	23.9	3.88
Violencia	12.7	1.7
Violencia	19.5	8.18
Violencia	33.1	4.48
Violencia	19.9	7.66
Violencia	13.8	5.31
Violencia	15	4.97
Violencia	30.9	6
Violencia	21	1.55
Violencia	31.5	2.17
Violencia	16.5	8.12
Violencia	3.9	5.33
Violencia	18.8	3.25
Violencia	18.9	4.9
Violencia	55.7	4.21
Violencia	22.3	6.42
Violencia	16.1	2.77
Violencia	22.7	1.3
Violencia	24	2.96
Violencia	22.9	1.26
Violencia	22.1	5.54
Violencia	26.2	2.25
Violencia	65.2	3
Violencia	32.4	4.63
Violencia	29	3.19
Violencia	31.1	2.56
Violencia	32.6	0.82
Violencia	16.2	1.79
Violencia	26.8	3.84
Violencia	25.4	5
Violencia	31.1	2.81
Violencia	12.4	3.1
Violencia	7.5	0.86
Violencia	26.6	1.21
Violencia	28.4	2.23
Violencia	24.2	4.1
Violencia	38.8	1.34
Violencia	18.7	8.56
Violencia	25.6	5.54
Violencia	14.4	4.76
Violencia	37	2.99
Violencia	38	2.75
Violencia	28.7	2.26
Violencia	26.9	4.33
Violencia	24.4	2.56
Violencia	41.8	1.43
Violencia	10.6	0.96
Violencia	30.3	4.62
Violencia	16.9	5.83
Violencia	25.3	2.8
Violencia	16.4	4.26
Violencia	38.5	4.3
Violencia	13.5	2.81
Violencia	25.5	7.21
Violencia	20.3	4.69
Violencia	40	7.27
Otros	40.2	2.97
Otros	38	4.15
Otros	34.2	6.76
Otros	19.9	3.49
Otros	35.2	5.34
Otros	29.2	2.26
Otros	34.5	6.22
Otros	38.9	2.78
Otros	45.7	1.29
Otros	30.9	2.21
Otros	41	0.96
Otros	24.7	3.83
Otros	15.9	3.66
Otros	28.8	3.23
Otros	39.4	3.2
Otros	41.9	5.32
Otros	29.2	2.27
Otros	31.7	1.76
Otros	15.6	2.67
Otros	27.3	4.38
Otros	31.1	2.49
Otros	26.5	4.73
Otros	38.7	2.67
Otros	26.2	3.35
Otros	43.9	1.51
Otros	43.8	2.29
Otros	24.6	2.46
Otros	23.8	3.73
Otros	21.5	1.89
Otros	46.4	1.43
Otros	44.7	0.52
Otros	42.3	1.13
Otros	32.6	2.02
Otros	37.6	3.77
Otros	24.4	5.88
Otros	47.1	3.92
Otros	23.2	0.73
Otros	52	1.37
Otros	33	2.86
Otros	30.5	1.79
Otros	44.3	3.31
Otros	20.5	1.5
Otros	22.2	2.65
Otros	16.6	2.17
Otros	49.8	0.19
Otros	47.8	2.17
Otros	35.1	5.47
Otros	35.8	2.01
Otros	26.5	1.18
Otros	28.7	0.92
Otros	18.2	2.56
Otros	40.7	2.48
Otros	22.7	2.71
Otros	18.5	0.56
Otros	33.4	3.7
Otros	51.3	1.4
Otros	42	6.29
Otros	42.5	6.92
Otros	59.7	0.5
Otros	42.3	1.29
Otros	65.1	6.17
Otros	17.9	2.5
Otros	28	2.44
Otros	29.6	0.6
Otros	47.5	1.47
Otros	26.2	1.83
Otros	56.8	2.51
Otros	32.2	2.27
Otros	32	1.61
Otros	58.6	2.47
Otros	49.7	3.08
Otros	72.1	0.55
Otros	45.5	0.56
Otros	40.1	1.8
Otros	49.3	1.53
Otros	42.8	3.56
Otros	27.8	6.41
Otros	51.3	1.43
Otros	49.7	4.3
Otros	52.9	2.3
Otros	30.2	3.68
Otros	64.3	2.43
Otros	50.5	0.56
Otros	56.8	2.58
Otros	36.9	1.48
Otros	32.1	2.96
Otros	51.8	0.31
Otros	21	9.43
Otros	53.7	3.03
Otros	35.5	8.45
Otros	45.5	4.28
Otros	31.7	1.48
Otros	50.7	2.74
Otros	51.3	0.93
Otros	31	5.97
Otros	34.8	0.52
Otros	68.8	2.99
Otros	46	3.69
Otros	43.5	0.37
Otros	49.5	3.46
Otros	30.8	0.52
Otros	58.9	1.68
Otros	47.4	3.53
Otros	48.4	1.64
Otros	24.8	5.84
Otros	65.3	4.21
Otros	42.3	2.24
Otros	12.4	3.82
Otros	24.2	1.1
Otros	47.3	2.81
Otros	41.4	1.79
Otros	44.9	1.42
Otros	33.3	5.31
Otros	31.5	0.62
Otros	56.4	4.84
Otros	40.7	2.91
Otros	33.6	1.69
Otros	45.7	3.23
Otros	68	3.33
Otros	38.1	3.14
Otros	37.2	2.4
Otros	31.3	1.32
Otros	42.6	0.66
Otros	46.1	1.59
Otros	39.7	3.79
Otros	38.4	2.31
Otros	38.5	1.35
Otros	47.1	2.29
Otros	43.8	1.52
Otros	34.9	0.79
Otros	34.3	1.95
Otros	44.4	2.5
Otros	46.1	3.33
Otros	48.5	0.89
Otros	72.8	3.74
Otros	38.6	2.96
Otros	22.5	3.27
Otros	34.2	3.73
Otros	47.5	0.49
Otros	32.9	0.49
Otros	85.6	2.6
Otros	42.9	0.87
Otros	32.8	5.16
Otros	43.8	2.56
Otros	36.2	2.42
Otros	35.8	2.61
Otros	47.9	0.66
Otros	57.6	2.29
Otros	27	5.79
Otros	33.6	1.37
Otros	31	1.79
Otros	60.5	0.7
Otros	51.7	2.79
Otros	46.8	3.79
Otros	28	4.3
Otros	38.5	1.74
Otros	51.8	2.26
Violencia	33.5	2.15
Violencia	23.5	1.64
Violencia	1.8	3.65
Violencia	13.6	10.6
Violencia	22.3	7.48
Violencia	32	2.01
Violencia	6.8	4.76
Violencia	8	2.86
Violencia	16.7	0.83
Violencia	12.9	9.68
Violencia	29.9	1.37
Violencia	20.4	6.54
Violencia	35.8	0.97
Violencia	8.3	4.55
Violencia	12	4.93
Violencia	0.52	11.76
Violencia	3.7	1.54
Violencia	12.5	3.88
Violencia	12	2.41
Violencia	16.6	4.52
Violencia	25	3.83
Violencia	15.1	6.35
Otros	47.8	5.82
Otros	22.4	9.74
Otros	37.2	3.47
Otros	24.9	6.49
Otros	34.9	5.85
Otros	35.3	4.21
Otros	22	3.21
Otros	33.3	4.79
Otros	14.5	3.09
Otros	29.3	2.35
Otros	32.3	4.69
Otros	38.6	6.43
Otros	37.6	7.75
Otros	35.3	6.71
Otros	30	3.96
Otros	41.2	2.72
Otros	40.4	6.86
Otros	35.4	6.32
Otros	49.1	3.32
Otros	26	3.17
Otros	41.1	6.06
Otros	34.2	2.34
Otros	33	6.97
Otros	37.1	6.32
Otros	42.8	3.57
Otros	52.8	3.85
Otros	29.5	2.55
Otros	43.1	4.3
Otros	43.8	4.56
Otros	27.7	4.23
Otros	41.5	2.12
Otros	53.5	4.01
Otros	28.4	2.7
Otros	25.6	9.17
Otros	37.4	4.19
Otros	32.1	1.28
Otros	47.9	2.24
Otros	22.6	5.47
Otros	21.9	5.29
Otros	24.3	1.25
Otros	14.4	0.93
Otros	12.6	5.11
Otros	20.6	3.51
Otros	50.7	1.51
Otros	21.2	0.98
Otros	34.1	3.32
Otros	3.4	4.1
Otros	49	2.54
Otros	3.4	2.85
Otros	21.5	2.58
Otros	34.4	2.41
Otros	40.8	3.23
Otros	30.8	1.81
Otros	30.4	1.85
Otros	31.9	2.22
Otros	21.3	8.15
Otros	23.7	1.85
Otros	34.4	1.57
Otros	51.3	6.09
Otros	33.1	2.87
Otros	38.9	5.41
Otros	32.2	5.2
Otros	39.6	2.14
Otros	40.4	2.14
Otros	24.1	0.3
Otros	35	0.97
Otros	19.3	3.25
Otros	36.2	2.2
Otros	31.4	2.47
Otros	25.8	2.25
Otros	14.7	0.53
Otros	42.9	0.89
Otros	40.9	4.05
Otros	32.5	2.29
Otros	29	1.49
Otros	20.9	2.26
Otros	17.2	2.06
Otros	40.5	2.69
Otros	23.6	1.89
Otros	29.6	1.94
Otros	50.7	3.02
Otros	59.2	4.24
Otros	67.3	5.3
Otros	37.2	8.82
Otros	46.5	5.45
Otros	60.1	7.04
Otros	37.6	10.71
Otros	31.2	1.67
Otros	50.7	0.88
Otros	30.8	5.45
Otros	49.6	3.61
Otros	47.9	1.22
Otros	15.7	2.44
Otros	9.5	4.55
Otros	8.8	3.48
Otros	39.2	7.79
Otros	9.2	6.92
Otros	29.5	5.62
Otros	36.9	5.48
Otros	94.5	2.18
Otros	32.6	9.25
Otros	34.5	4.23
Otros	31.3	7.5
Otros	49.2	4.45
Otros	16.2	5.77
Otros	44.7	1.29
Otros	19.6	0.76
Otros	65.9	3.79
Otros	46.7	0.93
Otros	37.6	2.63
Otros	8.9	6.19
Otros	52.9	1.86
Otros	17.7	3
Otros	23.5	3.08
Otros	43	4.55
Otros	46.1	3.11
Otros	30.3	1.28
Otros	42.7	4.28
Otros	31.5	3.51
Otros	6.6	0.29
Otros	31.9	4.92
Otros	11.2	1.94
Otros	37.3	2.18
Otros	36.5	1.27
Otros	41.3	8.33
Otros	43.3	6.55
Otros	40.2	2.4
Otros	64.7	3.23
Otros	48.3	1.24
Otros	55.7	2.74
Otros	33.7	1.98
Otros	45.5	1.98
Otros	35.1	5.7
Otros	23.6	3.88
Otros	7.5	4.35
Otros	44.7	2.94
Otros	17.5	0.56
Otros	34	3.88
Otros	14	2.06
Otros	25.9	1.82
Otros	27.9	7
Otros	5.5	3.23
Otros	35.6	1.22
Otros	5.8	0.69
Otros	12	1.2
Otros	36.3	0.37
Otros	40.3	4.52
Otros	50.5	0.2
Otros	2.9	2.74
Otros	19.9	1.74
Otros	29.8	1.87
Otros	15.8	8.33
Otros	30	1.04
Otros	29.5	2.27
Otros	25.7	2.36
Otros	1.6	2
Otros	6.5	1.3
Otros	43.6	4.35
Otros	38.1	2.02
Otros	37.2	0.43
Otros	19.4	1.66
Otros	31.4	1.6
Otros	43.2	1.42
Otros	46	3.6
Otros	18	4.65
Otros	35.5	1.2
Otros	44.8	4.29
Otros	35.5	2.41
Otros	29	0.44
Otros	42.6	1.23
Otros	33.2	2.54
Otros	41.7	0.4
Otros	41	2.2
Otros	19.6	0.6
Otros	13.2	0.57
Otros	39.5	2.06
Otros	37.3	0.74
Otros	6	8.62
Otros	27.6	1.75
Otros	34.3	0.79
Otros	15.4	3.4
Otros	23.3	2.5
Otros	34.8	2.46
Otros	36.2	2.86
Otros	40	2.27
Otros	43.7	3.35
Otros	31.3	2.67
Otros	44.4	5.47
Otros	20.4	3.68
Otros	28.5	1.01
Otros	40.1	0.43
Otros	7.7	1.04
Otros	38.3	0.88
Otros	43	9.09
Otros	22.5	0.95
Otros	25	4.29
Otros	10.6	2.58
Otros	20.6	0.65
Otros	38.4	1.55
Otros	23.8	4.21
Otros	36.1	2.71
Otros	50.7	4.01
Otros	59.8	2.22
Otros	47.3	4.12
Otros	47.6	4.35
Otros	42.3	1.77
Otros	41	3.21
Otros	41.8	2.22
Otros	36.7	6.35
Otros	36.2	3.87
Otros	73	2.54
Otros	39.7	4.27
Otros	49.4	3.87
Otros	29.3	4.76
Otros	38.9	4.09
Otros	34.8	4.47
Otros	39.1	3.4
Otros	46.7	2.82
Otros	27	4.94
Otros	46	3.7
Otros	25.5	7.35
Otros	19.3	8.37
Otros	19	7.34
Otros	36.7	3.03
Otros	39.9	3.24
Otros	26.9	9.78
Otros	61	3.09
Otros	59.3	2.31
Otros	51.7	3.55
Otros	47.7	1.79
Otros	50.1	5.05
Otros	35.2	1.75
Otros	22.6	3.69
Otros	34.1	2.5
Otros	33.8	2.63
Otros	22.1	1.37
Otros	56.9	4.55
Otros	41.5	2.05
Otros	68.8	1.02
Otros	35.7	1.89
Otros	32.4	1.22
Otros	26.6	2.67
Otros	29.3	2.44
Otros	15.1	4.35
Otros	53.6	3.48
Otros	19.2	4.55
Otros	22.5	1.94
Otros	40	4.47
Otros	33.3	6.06
Otros	62.7	1.68
Otros	29.6	0.72
Otros	48	2.81
Otros	57.7	1.89
Otros	33.3	3.64
Otros	24.9	1.52
Otros	34.1	6.67
Otros	28.3	1.32
Otros	46.9	0.96
Otros	23.3	1.55
Otros	25.6	4.89
Otros	37.2	4.74
Otros	44.1	1.87
Otros	72.2	1.62
Otros	46.3	1.67
Otros	31.4	5.83
Otros	29.8	1.12
Otros	38.1	1.89
Otros	47.2	1.55
Otros	39.5	2.27
Otros	36.1	4.23
Otros	49	6.8
Otros	51.1	2.6
Otros	46.5	4.17
Otros	24.9	4
Otros	31	0.63
Otros	31.2	3.82
Otros	54.5	3.14
Otros	64.5	1.74
Otros	28.3	4.69
Otros	75.2	5.07
Otros	39.6	8.82
Otros	25.9	9.52
Otros	48.5	7.25
Otros	39.8	2.15
Otros	47.6	7.41
Otros	15.1	3.85
Otros	28.8	5.56
Otros	52.6	0.4
Otros	41.2	3.32
Otros	38.3	0.54
Otros	30.8	1.67
Otros	48.4	0.72
Otros	54.9	1.41
Otros	63.1	12.41
Otros	45.1	2.98
Otros	48.2	3.56
Otros	43.2	1.88
Otros	32.8	3.62
Otros	31.3	1.42
Otros	50.3	2.75
Otros	46.4	0.24
Otros	27.1	2.47
Otros	31.2	0.78
Otros	42	1.83
Otros	14.6	7.89
Otros	39.7	4.07
Otros	46.2	0.82
Otros	39.2	7.13
Otros	27	4.48
Otros	44.5	0.73
Otros	29.3	1.11
Otros	39.5	3.47
Otros	27.8	5.6
Otros	51.5	2.06
Otros	34.4	5.26
Otros	24.4	4.53
Otros	47.4	2.01
Otros	31.3	4.35
Otros	25	2.39
Otros	28.5	0.87
Otros	43.4	2.64
Otros	46	2.36
Otros	36.5	2.69
Otros	29.3	6.9
Otros	17.6	6.13
Otros	41.2	2.02
Otros	21.1	3.06
Otros	34.4	2.25
Otros	52.2	3.83
Otros	35.3	3.01
Otros	33.2	2.6
Otros	37.1	2.33
Otros	35.1	4.14
Otros	36.5	8.6
Otros	41.2	1.71
Otros	48.3	2.72
Otros	49.6	1.53
Otros	39.9	3.63
Otros	32.5	1.6
Otros	49.5	2.76
Otros	35.2	4.91
Otros	38.7	3.45
Otros	41.6	4.61
Otros	47.4	3.43
Otros	37.9	3.76
Otros	44.3	4.46
Otros	42.9	3.19
Otros	26	4.95
Otros	44.2	4.14
Otros	42.6	0.9
Otros	27	5.19
Otros	36.3	1.49
Otros	23.7	6.64
Otros	62.7	1.67
Otros	39.1	3.19
Otros	19.5	6.53
Otros	20.1	14.14
Otros	39.2	3.44
Otros	46	2.82
Otros	33.9	6.01
Otros	31.7	4.63
Otros	37.6	1.35
Otros	25.6	1.2
Otros	37	0.62
Otros	26.5	2.22
Otros	28	2.7
Otros	48.1	11.49
Otros	42.4	3.2
Otros	19.2	4.38
Otros	42.3	3.8
Otros	23.5	4.11
Otros	25.3	3.77
Otros	40.4	4.14
Otros	21.9	1.8
Otros	59.2	2.56
Otros	46.1	1.67
Otros	38.8	2.63
Otros	40	2.3
Otros	46.6	2.46
Otros	43.6	1.84
Otros	42.9	2.83
Otros	29.5	3.01
Otros	21.7	2.03
Otros	52.8	1.77
Otros	19.9	6.42
Otros	42.5	2.16
Otros	55.1	2.38
Otros	44.7	6.53
Otros	37.6	3.48
Otros	47.5	1.64
Otros	43.3	4.35
Otros	58.8	0.78
Otros	28.9	1.14
Otros	45	2.75
Otros	33.1	1.97
Otros	40.3	1.23
Otros	30.4	3.28
Otros	56.5	2.47
Otros	30.6	5.56
Otros	33.4	2.84
Otros	28.3	1.82
Otros	36.8	2.96
Otros	48.1	3.59
Otros	29.7	3.41
Otros	35.3	1.92
Otros	36.4	1.36
Otros	33.2	2.06
Otros	42.7	1.5
Otros	43.4	3.54
Otros	34.1	3.62
Otros	23.7	1.76
Otros	27.1	1.37
Otros	18.5	2.92
Otros	24.3	3.13
Otros	29.8	1.72
Otros	52.1	2.91
Otros	42.8	2.27
Otros	25	2.63
Otros	29.4	2.27
Otros	26.7	6.25
Otros	48.8	4.21
Otros	62.4	3.42
Otros	27.4	5.1
Otros	30	3.83
Otros	49.7	2.97
Otros	32.1	1.03
Otros	26	1.29
Otros	21.6	10
Otros	45.8	2.37
Otros	28.4	4.43
Otros	55	2.76
Otros	50.6	6.2
Otros	33.3	9.42
Otros	22.7	5.82
Otros	27.4	6.03
Otros	20.4	2.37
Otros	10.7	7.84
Otros	34.5	8.95
Otros	61.4	1.05
Otros	18.7	5.31
Otros	17.2	5.23
Otros	22.3	3.09
Otros	30	8.18
Otros	38.5	0.37
Otros	48	0.95
Otros	34.7	6.35
Otros	4.7	4
Otros	18.4	1.11
Otros	16.3	6.91
Otros	5.1	3.9
Otros	2.6	7.69
Otros	27.1	1.93
Otros	16.4	3.79
Otros	12.4	2.99
Otros	5.2	5.71
Violencia	10.9	6.09
Violencia	7.6	14.29
Violencia	17	6.67
Violencia	4.9	6.67
Otros	32.3	8.42
Otros	17.2	5.74
Otros	14.3	1.92
Otros	4.2	5.32
Otros	49.78	1.77
Otros	47.27	1.15
Otros	50.86	4.22
Otros	46.59	3.9
Otros	45.35	1.5
Otros	41.96	1.74
Otros	47.88	1.23
Otros	45.14	0.68
Otros	44.16	4.09
Otros	54.1	1.75
Otros	41.04	3.01
Otros	39.16	1.6
Otros	52.63	3.33
Otros	58.68	0.99
Otros	56.41	1.93
Otros	57.14	1.47
Otros	52.25	2.51
Otros	51.09	4.85
Otros	46.81	0.28
Otros	45.45	3.56
Otros	25.77	3.13
Otros	38.04	4.26
Otros	43.71	2.2
Otros	49.02	3.13
Otros	63.65	3.53
Otros	39.88	1.52
Otros	48.46	0.78
Otros	54.35	0.83
Otros	53.45	0.86
Otros	40.92	1.62
Otros	67.91	2
Otros	36.27	1.39
Otros	45.42	2.64
Otros	39.19	3.51
Otros	69.77	1.26
Otros	56.74	1.37
Otros	60.3	2.36
Otros	28.49	2.38
Otros	50.43	4.07
Otros	50.76	0.41
Otros	43.02	4.87
Otros	59.43	1.6
Otros	38.9	6.53
Otros	46.57	1.86
Otros	59.26	8.64
Otros	60.96	1.92
Otros	46.44	2
Otros	62.74	1.9
Otros	56.71	1.95
Otros	62.14	1.03
Otros	40.99	1.1
Otros	56.8	1.07
Otros	49.91	2.24
Otros	55.5	2.48
Otros	53.72	1.21
Otros	55.92	2.26
Otros	62.86	2.71
Otros	46.98	1.13
Otros	70.28	0.38
Otros	56.41	1.51
Otros	50.23	5.52
Otros	58.72	1.93
Otros	32.95	3.17
Otros	42.71	0.52
Otros	41.49	2.19
Otros	37.1	1.73
Otros	62.3	1.64
Otros	55.7	2.09
Otros	53.22	0.64
Otros	46.87	2.94
Otros	48.86	1.11
Otros	36.84	4.07
Otros	62.52	4.63
Otros	58.39	0.51
Otros	51.95	1.86
Otros	52.76	0.44
Otros	66.13	1.38
Otros	41.1	0.95
Otros	45.02	0.52
Otros	49.64	1.42
Otros	51.51	2.65
Otros	60.2	1.32
Otros	39.97	1.36
Otros	41.72	6.99
Otros	55.89	0.42
Otros	35.39	3.86
Otros	48.48	2.59
Otros	48.65	3.12
Otros	65.16	1.62
Otros	60.69	1.38
Otros	51.58	0.9
Otros	53.3	0.36
Otros	56.4	2.07
Otros	50.96	2.69
Otros	50.25	2.55
Otros	42.36	3.32
Otros	44.69	1.58
Otros	36.84	0.79
Otros	54.84	1.54
Otros	46.64	2.37
Otros	38.67	0.78
Otros	45.98	2.08
Otros	38.26	0.76
Otros	47.03	0.13
Otros	39.36	1.12
Otros	56.32	1.43
Otros	49.15	3.55
Otros	51.52	4.12
Otros	21.7	1.08
Otros	34.88	4.55
Otros	50.45	1.99
Otros	47.45	1.38
Otros	43.94	1.08
Otros	36.91	3.2
Otros	60.92	2.55
Otros	56.9	0.2
Otros	49.91	2.76
Otros	50	5.47
Otros	56.88	1.22
Otros	59.64	3.98
Otros	51.67	1.44
Otros	56.68	5.22
Otros	37.44	0.37
Otros	60.66	4.88
Otros	46.47	0.25
Otros	55.91	2.45
Otros	50.37	11.76
Otros	61.95	1
Otros	61.01	4.03
Otros	42.91	0.52
Otros	58.78	2.94
Otros	63.52	4.6
Otros	51.46	0.49
Otros	53.63	2.23
Otros	58.85	1.44
Otros	63.51	2.48
Otros	57.3	2.75
Otros	34.97	6.77
Otros	28.48	5.56
Otros	51.98	5.3
Otros	49.33	4.62
Otros	51.41	0.61
Otros	36.88	6.32
Otros	43.1	2.72
Otros	45.28	0.77
Otros	39.95	3.36
Otros	43.02	6.27
Otros	50.86	7.35
Otros	51.54	1.95
Otros	52.5	3.95
Otros	43.01	2.05
Otros	44.14	1.83
Otros	48.19	1.32
Otros	46.78	7.61
Otros	47.72	3.27
Otros	46.76	5.95
Otros	35.58	6.1
Otros	44.12	1.81
Otros	39.2	1.94
Otros	55.08	2.33
Otros	70.38	8.15
Otros	49.01	2.86
Otros	51.2	1.95
Otros	47.19	4.36
Otros	47.38	8.85
Otros	49.63	2.4
Otros	47.42	7.44
Otros	45.93	3.29
Otros	49.12	3.9
Otros	46.67	0.93
Otros	38.87	1.34
Otros	54.91	2.65
Otros	61.26	2.47
Otros	46.06	0.95
Otros	37.76	6.25
Otros	57.4	2.79
Otros	53.07	2.46
Otros	57.76	0.76
Otros	45.43	1.1
Otros	67.74	3.23
Otros	50	1.6
Otros	50.3	1.94
Otros	58.82	4.41
Otros	57.76	1.36
Otros	57.43	1.98
Otros	54.61	1.74
Otros	55.26	6.8
Otros	55.53	1.65
Otros	61.61	1.02
Otros	42.23	3.99
Otros	64.6	2
Otros	45.45	0.75
Otros	57.65	0.47
Otros	45.45	1.49
Otros	66.44	0.71
Otros	64.29	0.72
Otros	64.94	1.3
Otros	59.53	1.36
Otros	50.91	2
Otros	44.58	3.85
Otros	60.28	3.76
Otros	51.38	1.04
Otros	57.14	1.92
Otros	59	3.1
Otros	68.1	2.28
Otros	57.41	1.03
Otros	42.04	1.01
Otros	51.52	3.03
Otros	55.56	0.63
Otros	55.56	4.55
Otros	51.69	5.62
Otros	63.52	0.29
Otros	57.6	2.02
Otros	36.53	3.33
Otros	51.83	1.8
Otros	50	0.65
Otros	42.48	2.17
Otros	52.12	4.11
Otros	46.26	3.78
Otros	60.11	2.29
Otros	62.5	0.69
Otros	67.9	3.7
Otros	49.06	3.41
Otros	60.87	1.96
Otros	53.87	2.05
Otros	53.66	1.47
Otros	53.53	1.87
Otros	52.31	3.45
Otros	47.49	1.56
Otros	48.02	1.23
Otros	22.54	2.04
Otros	46.16	3.72
Otros	52.78	1.49
Otros	56.91	2.37
Otros	63.58	0.78
Otros	56.4	1.59
Otros	64.1	2.12
Otros	55.07	3.7
Otros	31.67	4.4
Otros	51.08	0.65
Otros	42.53	0.97
Otros	50.39	1.75
Otros	49.05	3.45
Otros	46.88	0.77
Otros	58.97	5.63
Otros	46.55	2.13
Otros	74	2
Otros	60.61	1.83
Otros	56.45	1.73
Otros	44.74	3.31
Otros	44.58	0.4
Otros	54.9	1.69
Otros	60.87	2.08
Otros	46.84	0.57
Otros	64.25	2.33
Otros	59.68	1.61
Otros	59.49	2.96
Otros	56.07	1.19
Otros	41.77	3.05
Otros	62.38	2.38
Otros	58.52	3.56
Otros	52.34	3.1
Otros	56.96	2.53
Otros	58.01	2.92
Otros	50.52	3.9
Otros	35.37	5.56
Otros	44.05	2.04
Otros	61.54	2.07
Otros	48.31	0.67
Otros	56.94	2.65
Otros	30.78	1.2
Otros	72.22	1.39
Otros	56.55	1.96
Otros	56.02	2.36
Otros	49.51	1.48
Otros	46.96	4.23
Otros	48.18	3.56
Otros	48.23	1.6
Otros	53.33	3.72
Otros	53.38	2.68
Otros	46.5	3.4
Otros	51.79	0.57
Otros	50.5	1.87
Otros	65.22	1.39
Otros	44.81	3.49
Otros	58.49	1.89
Otros	46.73	3.03
Otros	44.56	1.84
Otros	56.57	2.33
Otros	43.72	3.38
Otros	48.28	2.36
Otros	49.54	1.75
Otros	38.18	3.19
Otros	40.03	1.34
Otros	46.5	4.04
Otros	52.45	1.71
Otros	48.04	1.13
Otros	53.55	2.02
Otros	59.09	0.92
Otros	57.49	4.13
Violencia	39.28	4.47
Violencia	55.75	2.65
Violencia	43.59	4.01
Violencia	38.6	1.47
Violencia	35.71	1.68
Violencia	44.26	3.62
Violencia	40.83	0.92
Violencia	37.23	2.4
Violencia	32.95	6.21
Violencia	44.3	2.64
Violencia	39.38	2.53
Violencia	36.76	9.72
Violencia	24.53	4
Violencia	48.77	2.1
Violencia	32.97	2.04
Violencia	45.02	3.93
Violencia	40.62	7.06
Violencia	23.65	5.12
Violencia	27.71	2.2
Violencia	25.57	2.75
Violencia	42.86	1.27
Violencia	48.54	4.29
Violencia	40.56	5.36
Violencia	33.93	2.42
Violencia	51.02	3.65
Violencia	31.29	5.41
Violencia	62.1	6.45
Violencia	29.3	3.18
Violencia	22.17	2.49
Violencia	45.47	4.95
Violencia	39.63	8.75
Violencia	23.09	10.24
Violencia	29.13	4.72
Violencia	31.83	2.93
Violencia	29.41	5.98
Violencia	44.3	3.75
Violencia	46.5	5.29
Violencia	17.5	3.72
Violencia	37.8	9.17
Violencia	26.76	8.64
Violencia	29.69	4.76
Violencia	38.68	7
Violencia	35.43	3.93
Violencia	38.65	2.14
Violencia	46.47	8.59
Violencia	46.56	4.52
Violencia	48.42	4.71
Violencia	45.36	6.19
Violencia	46.69	9.64
Violencia	44.18	6.54
Violencia	47.69	7.78
Violencia	45.05	6.09
Violencia	30.3	2.59
Violencia	47.48	10.05
Violencia	46.77	2.28
Violencia	28.22	2.94
Otros	55.4	6.37
Otros	52.06	2.77
Otros	37.26	4.4
Otros	35.35	1.37
Otros	53.03	4.31
Otros	44.16	4.39
Otros	41.91	1.31
Otros	33.91	2.04
Otros	50.85	0.76
Otros	48.75	3.99
Otros	46.28	4.85
Otros	47.02	1.67
Otros	51.11	1.33
Otros	42.23	1.75
Otros	40.33	1.66
Otros	35.43	4.01
Otros	37.36	2.96
Otros	44.4	2.67
Otros	38.05	1.79
Otros	47.47	2.4
Otros	53.1	4.52
Otros	50.79	4.26
Otros	44.33	0.54
Otros	48.08	2.95
Otros	42.83	2.36
Otros	45.01	3.06
Otros	44.52	0.75
Otros	30.47	2.5
Otros	50.41	0.99
Otros	48.11	1.45
Otros	45.73	0.74
Otros	49.94	1.34
Otros	33.45	0.58
Otros	45.91	3.64
Otros	34.94	5.02
Otros	45.26	6.16
Otros	48.02	0.67
Otros	45.49	0.2
Otros	42.83	1.45
Otros	34.29	1.06
Otros	41.2	4.9
Otros	41.72	1.31
Otros	34.58	0.6
Otros	41.06	2.84
Otros	45.63	0.19
Otros	46.93	2.21
Otros	50.18	1.48
Otros	44.12	2.47
Otros	38.34	0.78
Otros	42.09	2.98
Otros	34.63	1.63
Otros	50.14	1.59
Otros	38.93	2.61
Otros	40.08	7.69
Otros	43.23	1.74
Otros	49.04	2.54
Otros	48.37	1.65
Otros	48.29	1.82
Otros	54.97	0.57
Otros	51.15	2.19
Otros	42.72	1.23
Otros	54.76	2.38
Otros	50	1.8
Otros	40.71	9.28
Otros	59.81	0.7
Otros	61.36	0.91
Otros	58.03	2.49
Otros	58.13	3.6
Otros	57.01	2.77
Otros	57.71	2.22
Otros	55.87	1.81
Otros	60.51	1.64
Otros	58.73	3.77
Otros	67.85	3.59
Otros	44.31	1.63
Otros	51.4	3.41
Otros	56.19	3.45
Otros	60.44	3.26
Otros	60.66	0.74
Otros	49.73	2.92
Otros	55.66	1.5
Otros	63.44	1.32
Otros	59.11	2.94
Otros	56.41	2.42
Otros	49.75	0.32
Otros	55.28	8.26
Otros	53.4	2.86
Otros	51.22	4.88
Otros	63.91	1.2
Otros	53.21	3.7
Otros	58.92	0.65
Otros	59.55	7.83
Otros	45.91	1.13
Otros	61.55	1.52
Otros	58.51	3.2
Otros	53.58	1.31
Otros	66.32	1.58
Otros	58.26	1.37
Otros	45.45	1.84
Otros	65.77	1.68
Otros	62.17	1.63
Otros	62.69	1.71
Otros	54.13	4
Otros	46.96	1.67
Otros	47.73	0.93
Otros	56.28	0.29
Otros	52	0.92
Otros	39.42	2.33
Otros	45.36	2.82
Otros	51.8	2.55
Otros	43.57	4.75
Otros	49.02	2.44
Otros	61.79	4.07
Otros	52.48	2.33
Otros	57.87	0.63
Otros	52.34	7.87
Otros	51.29	1.34
Otros	48.18	0.7
Otros	47.47	0.84
Otros	41.9	2.7
Otros	56.98	3.27
Otros	51.57	0.41
Otros	58.69	1.83
Otros	53.2	1.32
Otros	58.06	4.67
Otros	61.22	3.22
Otros	53.44	4.01
Otros	63.27	1.92
Otros	62.24	2.7
Otros	40.18	2.21
Otros	57.87	0.54
Otros	57.43	11.02
Otros	63.3	2.08
Otros	72.73	1.82
Otros	52.82	1.88
Otros	62.23	1.33
Otros	47.94	3.54
Otros	58.06	3.23
Otros	49.85	2.04
Otros	50.64	1.53
Otros	43.88	4.5
Otros	54.46	1
Otros	64.94	0.65
Otros	55.83	1.79
Otros	72.34	1.6
Otros	53.42	1.92
Otros	50.91	1.82
Otros	52.02	2.28
Otros	52.78	3.14
Otros	52.1	4.21
Otros	48.56	2.29
Otros	52.21	1.75
Otros	60.01	2.12
Violencia	37.97	1.85
Violencia	30.29	0.58
Violencia	11.79	8.13
Violencia	32.39	0.74
Violencia	18.65	1.52
Violencia	26.79	0.46
Violencia	12.33	3.6
Violencia	13.26	2.46
Violencia	31.9	0.87
Violencia	11.5	1.92
Violencia	35.07	2.3
Violencia	38.32	3.45
Violencia	39.48	7.81
Violencia	25.13	2.86
Violencia	24.56	3.47
Violencia	6.52	5
Violencia	11.59	4.3
Violencia	30.25	5.58
Violencia	32.54	3.7
Violencia	30.95	4.81
Violencia	17.23	2
Violencia	25.87	5.99
Violencia	25.69	2.65
Violencia	23.1	0.19
Violencia	22.6	10.36
Violencia	20.32	2.48
Otros	52.02	2.15
Otros	49.3	5.31
Otros	48.19	6.87
Otros	43.71	5.08
Otros	49.32	7.87
Otros	56.73	0.96
Otros	56.5	3.87
Otros	55.8	3.84
Otros	53.54	2.2
Otros	52.06	3.23
Otros	49.23	5.24
Otros	42.31	1.07
Otros	46.12	8.09
Otros	50.51	4.04
Otros	53.52	3.24
Otros	45.58	4.41
Otros	55.26	2.27
Otros	45.56	8.7
Otros	72.43	3.52
Otros	42.86	6.37
Otros	53.7	4.85
Otros	56.02	1.54
Otros	68.2	9.06
Otros	47.7	4.75
Otros	53.08	1.81
Otros	57.65	5.12
Otros	51.67	7.25
Otros	71.02	6.36
Otros	55.44	2.33
Otros	56.15	3.16
Otros	58.21	6.74
Otros	52.82	1.69
Otros	55.63	9.28
Otros	52.33	1.97
Otros	57.86	1.82
Otros	57.38	2.56
Otros	48.75	4.09
Otros	42.31	3.07
Otros	57.33	5.02
Otros	46.52	4.04
Otros	48.07	2.84
Otros	52.71	6.14
Otros	58.29	6.75
Otros	51.35	2.82
Otros	56.1	2.44
Otros	42.1	3.28
Otros	31.64	3.27
Otros	47.77	6.01
Otros	27.85	1.23
Otros	54.43	3.58
Otros	48.98	5.97
Otros	53.54	2.49
Otros	34.19	1.48
Otros	47.91	2.52
Otros	44.13	5.14
Otros	54.67	4.67
Otros	39.06	7.92
Otros	53.8	1.23
Otros	48.71	0.91
Otros	41	3.33
Otros	60.14	2.63
Otros	52.48	2.77
Otros	49.15	3
Otros	52.11	1.86
Otros	39.75	0.28
Otros	54.1	2.73
Otros	34.33	4.14
Otros	52.42	4.95
Otros	44.26	3.66
Otros	38.9	5.29
Otros	50.8	1.4
Otros	32.26	0.45
Otros	55.2	2.71
Otros	45.34	4.43
Otros	41.64	4.38
Otros	50.23	2.93
Otros	47.76	1.12
Otros	42.46	8.76
Otros	46.18	4.91
Otros	34.84	2.52
Otros	54.94	1.98
Otros	54.6	3.01
Otros	59.17	3.7
Otros	47.86	3.15
Otros	64.03	4.07
Otros	59.91	4.9
Otros	55.56	1.54
Otros	64.35	2.61
Otros	57.91	2.36
Otros	50.25	2.02
Otros	59.68	4.36
Otros	43.68	0.81
Otros	53.13	3.13
Otros	45.19	1.69
Otros	55.29	4.74
Otros	40.8	3.19
Otros	49.01	1.15
Otros	53.75	2.44
Otros	47.2	0.87
Otros	62.28	2.93
Otros	48.63	5.32
Otros	47.88	1.9
Otros	60.39	2.44
Otros	44.83	5.96
Otros	53.16	0.93
Otros	59	1.48
Otros	60.09	1.44
Otros	61.44	0.85
Otros	37.12	1.62
Otros	12.11	0.65
Otros	62.15	3.95
Otros	41.5	3.9
Otros	20.47	3.83
Otros	57.53	3.85
Otros	43.5	2.63
Otros	43.98	4.28
Otros	52.22	4.44
Otros	56.11	2.54
Otros	37.7	7.04
Otros	33.79	3.85
Otros	22.06	1.39
Otros	44.37	1.83
Otros	40.49	4.48
Otros	46.01	4.32
Otros	46.13	5.14
Otros	50.24	2.53
Otros	42.27	1.34
Otros	47.29	2.68
Otros	49.43	1.99
Otros	65.04	3.25
Otros	60.89	3.11
Otros	54.38	5.48
Otros	24.59	0.74
Otros	47.46	3.23
Otros	48.62	6.25
Otros	25.31	0.7
Otros	21.76	3.55
Otros	38.68	4.35
Otros	55.16	2.58
Otros	43.09	3.59
Otros	13.3	2.47
Otros	13.75	1.67
Otros	57.26	0.95
Otros	13.07	1.57
Otros	62.96	1.23
Otros	23.53	8.81
Otros	29.6	1.84
Otros	38.98	1.55
Otros	55.39	5.7
Otros	30.55	2.86
Otros	39.87	1.87
Otros	15.41	1.04
Otros	41.09	3.08
Otros	52.29	1.54
Otros	52.54	5.19
Otros	46.6	2.17
Otros	32.65	4.82
Otros	55.63	4.23
Otros	25.64	2.37
Otros	41.46	2.78
Otros	41.72	4.65
Otros	47.62	3.6
Otros	28.77	3.52
Otros	33.63	1.94
Otros	42.97	3.14
Otros	54.66	2.66
Otros	42.84	3.13
Otros	48.81	2.15
Otros	51.02	1.08
Otros	50.63	10.42
Otros	62.44	0.97
Otros	42.76	3.16
Otros	45.09	0.71
Otros	47.26	2.28
Otros	47.92	0.87
Otros	21.85	0.58
Otros	31.45	1.16
Otros	53.7	2.33
Otros	55.38	1.61
Otros	57.5	2.26
Otros	43.3	4.12
Otros	44.17	2.31
Otros	55.27	2.02
Otros	43.99	3.7
Otros	47.12	1.78
Otros	46.45	3.52
Otros	61.84	1.32
Otros	44.17	0.9
Otros	51.32	0.82
Otros	48.82	0.79
Otros	50	2.13
Otros	63.64	5.68
Otros	43.41	3.49
Otros	63.64	10.23
Otros	36.71	1.07
Otros	44.5	1.32
Otros	59.04	2.98
Otros	52.09	1.57
Otros	52.24	3.04
Otros	34.38	4.17
Otros	51.51	2.26
Otros	57.27	3.57
Otros	45.88	1.89
Otros	49.51	2.24
Otros	52.71	0.57
Otros	48.9	5.82
Otros	48.14	4.06
Otros	43.15	4.5
Otros	50.11	1.8
Otros	60.84	2.33
Otros	44.59	3.4
Otros	52.6	2.83
Otros	42.33	1.32
Otros	43.32	2.69
Otros	56.93	2.35
Otros	57.38	1.52
Otros	51.74	1.34
Otros	57.19	2.48
Otros	48.88	3.71
Otros	46.1	5.99
Otros	27.17	1.82
Otros	52.32	2.92
Otros	51.13	2.11
Otros	56.06	3
Otros	60.53	1.8
Otros	58.54	6.06
Otros	54.64	7.14
Otros	54.3	3.38
Otros	54.68	3.2
Otros	67.5	1.78
Otros	51.27	4.16
Otros	54.81	5.56
Otros	50.21	4.63
Otros	56.99	5.67
Otros	45.16	8.11
Otros	53.96	1.08
Otros	52.63	1.92
Otros	67.06	2.35
Otros	40.93	1.77
Otros	43.42	3.37
Otros	50.79	2.33
Otros	63.23	1.56
Otros	62.53	1.92
Otros	39.83	5.29
Otros	67.57	2.7
Otros	46.32	1.87
Otros	59.41	3.56
Otros	61.11	2.63
Otros	56.06	4.81
Otros	59.15	3.01
Otros	58.63	1.78
Otros	53.47	1.37
Otros	58.29	2.22
Otros	46.06	5.88
Otros	50	2.68
Otros	74.42	2.63
Otros	57.53	9.23
Otros	65.1	1.44
Otros	53.06	2.86
Otros	55	4.5
Otros	53.8	7.91
Otros	52.42	3.75
Otros	60.19	3.33
Otros	57.89	2.31
Otros	61.05	3.85
Otros	46.59	1.72
Otros	51.39	2.54
Otros	54.1	6.14
Otros	53.99	3.02
Otros	53.15	1.14
Otros	72.12	2.27
Otros	59.29	1.85
Otros	58.7	9.3
Otros	57.75	7.69
Otros	57.81	1.89
Otros	58.46	6.12
Otros	57.14	2.14
Otros	58.06	1.85
Otros	62.29	1.78
Otros	46.76	5.22
Otros	49.67	7.63
Otros	53.86	3.37
Otros	54.99	2.46
Otros	55.69	2.01
Otros	51.22	8.82
Otros	51.85	2.43
Otros	52.94	5.17
Otros	53.75	2.82
Otros	53.61	1.98
Otros	75	11.54
Otros	47.96	3.33
Otros	45.05	4.62
Otros	56.52	4.08
Otros	55.8	2.79
Otros	61.22	2.78
Otros	59.46	6.76
Otros	62.13	2.07
Otros	61.25	8.53
Otros	50.42	2.05
Otros	61.7	2.5
Otros	68.54	2.76
Otros	61.75	3.03
Otros	49.79	4.1
Otros	48.87	6.2
Otros	48.53	6.36
Otros	43.29	6.67
Otros	44.64	6.81
Otros	49.28	3.97
Otros	54.58	2.11
Otros	45.23	7.51
Otros	43.37	4.78
Otros	42.55	8.21
Otros	48.42	4.98
Otros	39.27	1.7
Otros	39.11	5.14
Otros	54.1	3.48
Otros	40.8	4.93
Otros	45.14	6.16
Otros	39.32	5.27
Otros	51.96	3.6
Otros	46.9	6.2
Otros	50.2	4.03
Otros	49.65	5
Otros	50.25	2.8
Otros	45.73	5.4
Otros	50.64	4.01
Otros	50.83	8.81
Otros	56.62	2.01
Otros	68.03	8.2
Otros	56.28	6.83
Otros	61.08	8.38
Otros	61.35	4.02
Otros	49.32	4.95
Otros	48.32	5.13
Otros	48.53	2.12
Otros	56.97	2.34
Otros	61.06	3.54
Otros	48.1	5.41
Otros	61.76	3.43
Otros	58.68	7.44
Otros	50.55	7.62
Otros	55.03	3.67
Otros	51.25	2.95
Otros	37.78	2.68
Otros	47.65	4.05
Otros	53.75	3.2
Otros	55.4	5.51
Otros	63.5	3.65
Otros	47.83	1.32
Otros	46.51	4.03
Otros	50.74	3.84
Otros	51.27	4.35
Otros	52.19	5.06
Otros	56.61	3.07
Otros	44.04	2.5
Otros	57.03	8.11
Otros	58.59	3.03
Otros	56.55	2.74
Otros	66.45	5.26
Otros	54.34	8.28
Otros	58.54	3.08
Otros	51.98	3.34
Otros	50.36	7.23
Otros	61.08	3.93
Otros	61.47	4.08
Otros	50.26	7.44
Otros	66.3	2.01
Otros	56.25	7.5
Otros	61.04	3.9
Otros	60.13	3.92
Otros	48.31	7.17
Otros	48.4	5.65
Otros	51.91	4.92
Otros	54.34	2.08
Otros	46.18	4.5
Otros	60.96	1.79
Otros	44.23	3.11
Otros	40	2.33
Otros	54.81	3.77
Otros	35.17	1.03
Otros	50.68	1.51
Otros	45.96	1.64
Otros	48.02	2.49
Otros	52.63	1.64
Otros	52.65	1.66
Otros	50.88	1.05
Otros	50.52	2.23
Otros	47.62	4.27
Otros	47.69	3.45
Otros	48.44	2.15
Otros	34.78	7.69
Otros	53.75	0.4
Otros	47.93	1.35
Otros	41.82	4.83
Otros	37.97	2.88
Otros	46.75	0.65
Otros	52.09	3.54
Otros	57.58	2.57
Otros	50	0.78
Otros	51.77	1.91
Otros	49.01	1.85
Otros	52.35	1.66
Otros	36.44	2.46
Otros	60.31	1.56
Otros	51.04	3.04
Otros	46.26	0.97
Otros	54.93	3.06
Otros	46.65	4.7
Otros	53.69	1.97
Otros	47.52	2.5
Otros	55.45	1.12
Otros	52.57	1.66
Otros	50.43	2.23
Otros	48.35	1.73
Otros	49.73	4.57
Otros	47.26	6.46
Otros	58.7	3.26
Otros	46.31	6.58
Otros	51.69	7.87
Otros	47.22	6.62
Otros	50.85	10.19
Otros	48.76	2.2
Otros	57.01	1.54
Otros	43.7	3.44
Otros	56.41	2.56
Otros	46.38	2.72
Otros	59.13	1.72
Otros	42.92	0.58
Otros	42.19	1.91
Otros	50.71	3.49
Otros	51.72	2.21
Otros	46	3.57
Otros	60.14	5.59
Otros	42.68	2.34
Otros	53.35	1.27
Otros	49.7	2.75
Otros	55.96	1.99
Otros	43.92	2.91
Otros	60.84	4.2
Otros	45.68	5.44
Otros	34.46	3.5
Otros	41.8	2.87
Otros	37.87	6.81
Otros	52.86	7.18
Otros	47.16	0.35
Otros	54.17	1.52
Otros	45.58	4.21
Otros	53.26	4.35
Otros	45.03	5.46
Otros	44.9	6.49
Otros	67.33	1.41
Otros	63.25	2.97
Otros	39.17	5.15
Otros	29.58	6.9
Otros	30.48	1.92
Otros	22.85	4.56
Otros	12.69	10.84
Otros	11.11	2.22
Otros	9.68	3.23
Otros	43.56	2.08
Otros	36.87	0.74
Otros	43.04	1.68
Otros	33.8	5.97
Violencia	26.51	12.97
Violencia	26.56	5.45
Otros	42.99	5.52
Otros	50.43	5.13
Otros	23.88	7
Otros	55.81	2.63
Otros	38.6	4.64
Otros	55.07	1.79
Otros	61.4	2.86
Otros	39.58	4.97
Otros	27.65	4.13
Otros	29.32	2.7
Otros	26.6	3.28
Otros	28.6	2.42
Otros	25.51	0.72
Otros	34.36	4.39
Otros	29.79	2.11
Otros	22.99	4.41
Otros	23.09	4.39
Otros	42.09	1.12
Otros	43.05	1.18
Otros	42.41	1.45
Otros	34.06	0.75
Otros	38.78	2.16
Otros	29.24	3.14
Otros	31.57	7.79
Otros	32.21	4.36
Otros	18.05	10.62
Otros	27.67	3.05
Otros	16.87	2.71
Otros	22.54	3.88
Otros	48.83	3.82
Otros	24.93	0.73
Otros	40.85	1.44
Otros	38.07	1.77
Otros	42.26	6.19
Otros	28.72	6.2
Otros	49.49	1.33
Otros	36.94	2.99
Otros	27.93	2.46
Otros	27.6	4.11
Otros	55.45	2.16
Otros	43.2	5.26
Otros	76.47	4.32
Otros	24.65	3.73
Otros	54.37	2.89
Otros	19.05	2.31
Otros	39.81	1.99
Otros	30.53	1.65
Otros	30.8	3.33
Otros	34.87	1.64
Otros	49.62	1.15
Otros	40.45	2.07
Otros	44.53	3.89
Otros	56.69	6.62
Otros	43.27	2.02
Otros	29.41	1.29
Otros	34.2	1.39
Otros	38.29	2.24
Otros	70	3.68
Otros	28.71	1.68
Otros	42.34	2.05
Otros	34.93	4.46
Otros	39.7	1.6
Otros	57.52	2.35
Otros	53.02	1.85
Otros	56.61	3.74
Otros	48.48	8.84
Otros	57.74	2.32
Otros	41.21	1.1
Otros	46.19	10.63
Otros	55.18	2.95
Otros	16.1	1.9
Otros	20.09	2.94
Otros	20.69	4.39
Otros	16.28	1.71
Otros	53.78	0.66
Otros	17.38	5.93
Otros	35.14	4.4
Otros	36.49	3.67
Otros	26.5	6.12
Otros	23.19	2.58
Otros	30.33	2.23
Otros	56.6	1.68
Otros	51.14	3.53
Otros	40.63	7.37
Otros	66.58	3.32
Otros	18.42	2.67
Otros	53.62	2.65
Otros	45.79	4.69
Otros	44.69	0.91
Otros	48.49	1.98
Otros	35	1.61
Otros	25.78	2.47
Otros	48.2	7.11
Otros	48.23	1.7
Otros	35.43	4.08
Otros	35.51	0.77
Otros	43.69	5.54
Otros	61.59	1.56
Otros	50.39	1.58
Otros	47.38	2.29
Otros	48.14	1.15
Otros	68.86	1.71
Otros	27.55	3.8
Otros	40.35	2.56
Otros	39.7	3.92
Otros	47.14	4.7
Otros	17.14	2.2
Otros	22.64	2.76
Otros	27.71	2.85
Otros	24.84	8.39
Otros	27.12	1.17
Otros	10.54	2.26
Otros	45.74	1.46
Otros	48.78	4.21
Otros	43.25	4.44
Otros	39.13	3.35
Otros	71.43	2.38
Otros	13.94	2.41
Otros	32.2	3.53
Otros	31.68	2.08
Otros	19.92	3.95
Otros	21.41	3.86
Otros	52.03	0.94
Otros	54.3	1.1
Otros	37.52	2.24
Otros	43.27	1.31
Otros	34.62	2.89
Otros	59.28	0.39
Otros	30.81	0.81
Otros	39.85	0.31
Otros	30.47	1.54
Otros	33.7	0.34
Otros	52.66	0.24
Otros	42.09	0.73
Otros	20.87	0.53
Otros	36.82	1.57
Otros	33.77	0.94
Otros	46.08	1.76
Otros	35.28	0.52
Otros	47.78	2.67
Otros	50.61	3.2
Otros	48.66	2.81
Otros	32.51	0.73
Otros	12.64	1.41
Otros	9.41	1.99
Otros	36.38	2.97
Otros	23	4.4
Otros	24.33	4.68
Otros	37.16	2.97
Otros	18.04	0.83
Otros	38.94	5
Otros	40.85	4.47
Otros	39.65	2.45
Otros	34.24	1.86
Otros	30.99	3.77
Otros	19.61	4.58
Otros	32	4.49
Otros	37.79	2.4
Otros	47.87	1.38
Otros	32.85	3.64
Otros	33.28	2.41
Otros	2.87	1.92
Otros	37.87	2.52
Otros	14.02	5.95
Otros	9.73	3.7
Otros	25.72	2.51
Otros	14.35	9.73
Otros	7.85	3.25
Otros	43.39	0.56
Otros	41.64	1.32
Otros	19.53	3.08
Otros	50	4.95
Otros	14.79	0.63
Otros	50.24	1.71
Otros	28.94	6.1
Otros	24.2	2.71
Otros	42	1.94
Otros	23.78	1.51
Otros	18.56	3.47
Otros	20.31	1.15
Otros	47.53	4.3
Otros	39.79	1.42
Otros	15.53	0.31
Otros	49.89	2.83
Otros	32.25	0.89
Otros	42.77	0.58
Otros	45.74	1.54
Otros	41.29	3.73
Otros	72.16	0.39
Otros	42.26	3.83
Otros	51.11	1.41
Otros	39.71	1.57
Otros	57.14	1.87
Otros	57.76	2
Otros	38.58	2.53
Otros	57.57	3.74
Otros	36.71	2.44
Otros	44.67	3.03
Otros	14.53	5.77
Otros	66.27	1.52
Otros	41.79	3.79
Otros	28.91	1.82
Otros	70.42	6.06
Otros	45.26	4.92
Otros	42.78	1.63
Otros	44	3.45
Otros	43.17	0.79
Otros	78.87	7.5
Otros	59.39	2.3
Otros	51.65	1.41
Otros	54.89	2.22
Otros	42.45	2.44
Otros	41.62	2.75
Otros	50.53	3.08
Otros	81.19	1.18
Otros	38.76	1.2
Otros	19.31	2.78
Otros	32.89	3.7
Otros	20.45	3.17
Otros	20	4.76
Otros	43.75	1.3
Otros	50.32	1.5
Otros	40	2.83
Otros	29.07	2.04
Otros	52.03	1.79
Otros	42.29	3.48
Otros	47.45	4.08
Otros	48.53	2.07
Otros	39.3	3.4
Otros	45.74	2.31
Otros	51.36	2.79
Otros	45.27	4.96
Otros	30.25	1.75
Otros	26.65	10.91
Otros	49.59	2.33
Otros	55.7	2.52
Otros	35	2.68
Otros	42.53	5.36
Otros	40.51	1.89
Otros	33.48	3
Otros	27.46	1.64
Otros	54.9	3.44
Otros	33.91	8.22
Otros	56.72	3.22
Otros	52.56	1.96
Otros	44.99	2.78
Otros	37.18	2.44
Otros	36.93	2.94
Otros	40.96	3.15
Otros	40.85	4.72
Otros	41.21	2.78
Otros	32.89	2.25
Otros	36.75	2.59
Otros	53.61	3.8
Otros	48.96	1.8
Otros	77.05	0.35
Otros	38.38	0.6
Otros	63.71	4.42
Otros	65.01	1.81
Otros	76.72	2.48
Otros	62.93	2.13
Otros	40.39	5.52
Otros	57.89	4.26
Otros	31.01	5.08
Otros	49.33	1.78
Otros	49.24	2.22
Otros	48.36	1.96
Otros	37.4	1.78
Otros	42.99	6.35
Otros	56.43	2.98
Otros	47.86	2.08
Otros	50.98	1.13
Otros	86.49	0.73
Otros	56.6	2.04
Otros	42.39	3.2
Otros	48.1	3.28
Otros	40.63	3.85
Otros	70.07	3.03
Otros	50.48	2.73
Otros	46.52	2.6
Otros	41.61	6.11
Otros	48.05	5.51
Otros	31.39	4.5
Otros	40.17	2.8
Otros	41.69	5.69
Otros	36.51	3.86
Otros	65	2.2
Otros	30.71	2.82
Otros	43.37	3.73
Otros	41.95	6.38
Otros	30.47	5.45
Otros	22.19	3.21
Otros	35.16	0.96
Otros	48.11	2.81
Otros	35.35	4.79
Otros	34.51	5.35
Otros	41.82	1.62
Otros	36.69	2.93
Otros	41.64	2.37
Otros	28.05	4.55
Otros	28.35	0.86
Otros	46.95	2.4
Otros	51.75	1.63
Otros	50.28	2.01
Otros	45.71	2.22
Violencia	34.52	5.3
Violencia	24.73	5.5
Violencia	29.28	1.64
Violencia	12.02	0.99
Violencia	25	4.59
Violencia	33.48	4.42
Violencia	19.48	3.07
Violencia	11.74	4.57
Violencia	14.37	0.62
Violencia	22.12	1.56
Violencia	31.94	4.69
Violencia	15.16	3.72
Violencia	4.11	2.22
Violencia	16.24	0.81
Violencia	16.1	2.44
Violencia	47.34	1.61
Violencia	20.03	1.64
Violencia	17.31	2.8
Violencia	27.64	1.55
Violencia	22.18	0.6
Violencia	28.34	2.88
Violencia	31.46	4.06
Violencia	74.23	1.42
Violencia	32.26	5.98
Violencia	32.56	2.07
Violencia	30.4	0.87
Violencia	13.55	1.36
Violencia	26.8	4.98
Violencia	25.61	9.79
Violencia	31.28	5.7
Violencia	10.54	1.56
Violencia	8.47	3
Violencia	25.31	2.02
Violencia	30	7.45
Violencia	37.21	7.26
Violencia	20.44	2.71
Violencia	22.72	3.52
Violencia	12.9	3.03
Violencia	36.8	3.75
Violencia	39.65	2.21
Violencia	27.53	7.31
Violencia	32.97	1.47
Violencia	23.35	3.53
Violencia	41.2	1.55
Violencia	10.27	0.95
Violencia	31.84	2.55
Violencia	18.56	0.49
Violencia	32.48	1.47
Violencia	19.75	0.83
Violencia	42.43	2.76
Violencia	13.78	2.61
Violencia	30.98	0.89
Violencia	24.12	0.24
Violencia	38.16	0.72
Otros	41.94	3.46
Otros	38.56	2.47
Otros	37.64	2.55
Otros	29.56	1.49
Otros	43.32	2.59
Otros	32.32	3.21
Otros	38.45	4.01
Otros	40.49	1.75
Otros	53.73	0.96
Otros	37.66	2.52
Otros	42.29	3.88
Otros	21.94	0.38
Otros	13.33	5.88
Otros	35.55	3.61
Otros	48.79	2.4
Otros	30.73	1.02
Otros	40.82	0.5
Otros	35.5	3.1
Otros	15.65	11.01
Otros	30.19	6.48
Otros	33.23	2.5
Otros	32.28	5.08
Otros	37.8	0.86
Otros	25.36	3.76
Otros	47.88	2.71
Otros	46.59	2.51
Otros	26.62	2.17
Otros	29.57	0.92
Otros	50	1.72
Otros	42.11	0.52
Otros	45.01	1.55
Otros	32.45	0.6
Otros	42.73	2.09
Otros	24.62	1.01
Otros	49.29	1.01
Otros	18.09	4.4
Otros	50.26	1.09
Otros	33.46	1.39
Otros	30.2	1.77
Otros	43.97	2.32
Otros	25.88	2.47
Otros	21.32	1.2
Otros	15.7	1.45
Otros	47.03	1.27
Otros	55.87	1.95
Otros	40.78	3.82
Otros	45.26	3.32
Otros	32.02	1.19
Otros	32.51	0.34
Otros	42.9	1.99
Otros	26.45	2.57
Otros	26.27	2.42
Otros	32.62	5.48
Otros	52.72	4.46
Otros	33.33	2.56
Otros	41.23	3.42
Otros	68.03	1.33
Otros	39.24	1.49
Otros	24.04	2.04
Otros	25.33	5.88
Otros	41.57	6.09
Otros	29.95	3.17
Otros	56.37	2.84
Otros	29.5	1.59
Otros	60.17	1.38
Otros	65.17	1.79
Otros	52.03	1.38
Otros	66.76	1.92
Otros	40.14	1.79
Otros	38.26	3.98
Otros	43.16	2.6
Otros	44.5	2.73
Otros	38.06	1.14
Otros	40.03	2.88
Otros	44.87	3.48
Otros	52.99	2.89
Otros	28.42	6.45
Otros	69.03	2.25
Otros	70.56	1.8
Otros	61.61	3.15
Otros	34.45	0.74
Otros	30.33	5.61
Otros	56.03	1.67
Otros	35.29	2.78
Otros	55.06	4.21
Otros	35.76	1.79
Otros	47.78	3.85
Otros	31.11	1.94
Otros	54.96	4.93
Otros	40	3.13
Otros	42.35	4.73
Otros	54.61	1.75
Otros	60.37	3.87
Otros	36.15	2.17
Otros	65.66	7.45
Otros	47.78	3.48
Otros	55.56	2.11
Otros	35.68	2.24
Otros	52.56	2.5
Otros	38.52	5.22
Otros	47.85	1.33
Otros	40.88	1.83
Otros	72.7	3.19
Otros	53.7	3.13
Otros	13.59	1.69
Otros	26.27	1.04
Otros	44.7	2.23
Otros	47.62	2.06
Otros	49.35	2.81
Otros	45.77	5.17
Otros	33.17	3.64
Otros	34.88	2.58
Otros	57.78	3.47
Otros	34.92	3.36
Otros	37.93	1.83
Otros	76.82	1.81
Otros	31.17	3.82
Otros	41.87	3.23
Otros	36	4.6
Otros	40.72	0.38
Otros	51.46	1.41
Otros	42.86	6.67
Otros	40.48	2.79
Otros	42.31	3.45
Otros	56.98	5.95
Otros	37.79	0.43
Otros	35.97	2.69
Otros	39.88	5.82
Otros	48.68	2.05
Otros	49.36	2.63
Otros	44.33	0.55
Otros	72.88	2.09
Otros	38.65	1.37
Otros	26	0.58
Otros	35.68	4.5
Otros	39.45	4.73
Otros	50.65	2.3
Otros	28.32	0.38
Otros	33.42	1.01
Otros	96.84	6.89
Otros	38.42	4
Otros	44.35	2.82
Otros	35.85	4.17
Otros	50.65	1.6
Otros	38.75	1.96
Otros	34.98	2.72
Otros	60.31	2.45
Otros	61.97	2.22
Otros	45.22	0.99
Otros	43.71	1.01
Otros	30.48	2.63
Otros	54.63	3.54
Otros	49.83	1.4
Otros	54	5.75
Otros	28.81	4.92
Otros	40	5.61
Otros	51.69	3.99
Violencia	38.61	0.81
Violencia	30.1	1.93
Violencia	2.38	2.34
Violencia	18.12	0.55
Violencia	22.25	7.21
Violencia	31.35	3.85
Violencia	8.25	5.12
Violencia	11.86	2.19
Violencia	15.04	8.33
Violencia	13.98	6.25
Violencia	28.47	3.13
Violencia	17.17	4.65
Violencia	6.63	12.27
Violencia	39.49	2.3
Violencia	13.67	2.04
Violencia	9.66	6.34
Violencia	4.52	3
Violencia	12.27	4.02
Violencia	11.7	1.18
Violencia	16.08	2.9
Violencia	9.47	3.09
Violencia	16.83	7.79
Violencia	30.26	8.33
Violencia	2.33	11.76
Violencia	27.32	2.88
Violencia	18.46	10.8
Violencia	14.87	2.72
Otros	50.1	4.08
Otros	24.51	6.8
Otros	44.95	6.9
Otros	25.37	5.66
Otros	40.99	6.56
Otros	27.72	6.1
Otros	27.32	7.27
Otros	33.28	3.71
Otros	12.99	8.65
Otros	31.52	3.57
Otros	33.35	4.3
Otros	38.05	5.2
Otros	33.33	4.1
Otros	33.2	6.36
Otros	37.05	7.66
Otros	35.33	0.87
Otros	33.95	4.12
Otros	37.11	5.8
Otros	47.27	4.68
Otros	32.37	4.12
Otros	42.68	1.91
Otros	35.97	4.8
Otros	36.83	6.57
Otros	42.18	13.57
Otros	43.49	4.63
Otros	58.91	4.37
Otros	30.36	5.88
Otros	38.59	3.43
Otros	43.3	4.17
Otros	37.75	4.29
Otros	39.12	2.92
Otros	48.28	7.51
Otros	24.83	3.52
Otros	25.15	2.68
Otros	40.74	3.77
Otros	31.69	3.6
Otros	48.74	2.37
Otros	22.79	1.64
Otros	21.7	3.64
Otros	23.55	0.66
Otros	15.77	3.29
Otros	15.93	1.18
Otros	25.8	2.9
Otros	54.8	1.35
Otros	22.53	2.15
Otros	30.94	1.05
Otros	3.6	3
Otros	49.08	3.93
Otros	4.1	1.68
Otros	26.94	5.38
Otros	31.02	1.72
Otros	41.03	3.07
Otros	39.42	0.67
Otros	31.95	3.43
Otros	32.16	3.02
Otros	24.44	2.68
Otros	29.63	2.29
Otros	35.87	1.56
Otros	51.51	1.78
Otros	37.61	2.75
Otros	44.56	2.19
Otros	33.88	3.21
Otros	42.3	5.6
Otros	37.25	3.4
Otros	23.01	0.3
Otros	36.65	2.96
Otros	17.03	5.83
Otros	38.35	3.02
Otros	26.2	4.01
Otros	22.45	0.94
Otros	30.03	3.5
Otros	13.77	0.95
Otros	61.92	2.93
Otros	35.98	1.57
Otros	38.1	2.07
Otros	32.88	0.67
Otros	20.07	4.35
Otros	16.27	0.82
Otros	38.11	2.11
Otros	27.51	4.15
Otros	30.5	2.48
Otros	47.18	0.96
Otros	60.36	4.81
Otros	39.74	7.84
Otros	61.28	0.66
Otros	46.57	5.74
Otros	57.06	4.26
Otros	45.35	1.49
Otros	36.2	4.8
Otros	55.4	1.55
Otros	35.98	3.7
Otros	47.04	4.16
Otros	60.26	1.55
Otros	19.13	5.8
Otros	10.57	4.24
Otros	9.02	7.14
Otros	46.61	1.21
Otros	7.11	4.46
Otros	35.43	1.33
Otros	38.77	4.1
Otros	12.89	3.62
Otros	37.53	7.04
Otros	33.53	2.94
Otros	53.29	9.31
Otros	14.8	7.14
Otros	44.84	1.71
Otros	20.31	0.37
Otros	67.01	1.4
Otros	60.73	0.82
Otros	36.98	2.12
Otros	11.01	11.01
Otros	48.15	2.76
Otros	27.97	0.24
Otros	29.21	1.49
Otros	50.9	0.4
Otros	25.7	2.46
Otros	47.67	0.26
Otros	30.45	1.17
Otros	45.03	1.18
Otros	12.32	0.68
Otros	33.03	1.32
Otros	8.94	2.25
Otros	40.14	3.2
Otros	43.83	1.09
Otros	50.92	0.46
Otros	34.76	0.74
Otros	62.44	0.53
Otros	44.82	0.49
Otros	62.83	0.46
Otros	37.24	1.31
Otros	46.57	0.81
Otros	27.88	0.91
Otros	42.54	0.14
Otros	17.27	0.47
Otros	28.09	0.6
Otros	13.19	3.74
Otros	2.94	1.85
Otros	33.54	2.08
Otros	6	0.42
Otros	37.9	0.79
Otros	46.96	0.23
Otros	18.38	0.63
Otros	7.7	4.8
Otros	19.38	1.13
Otros	36.07	1.67
Otros	32.88	2
Otros	32.71	1.65
Otros	32.62	5.1
Otros	38.26	3.67
Otros	35.75	0.45
Otros	20.45	1
Otros	32.91	0.57
Otros	45.26	2.22
Otros	43.9	3.73
Otros	17.2	2.81
Otros	37.5	2.92
Otros	30.57	2.94
Otros	31.14	2.19
Otros	44.5	0.95
Otros	18.89	0.83
Otros	37.96	1.05
Otros	48.46	0.87
Otros	36.69	1.03
Otros	46.94	1.27
Otros	37.94	1.95
Otros	28.98	1.06
Otros	18.48	12.08
Otros	29.48	0.92
Otros	36.02	0.93
Otros	7.34	1.22
Otros	35.1	1.87
Otros	44.25	1.37
Otros	19.67	0.37
Otros	40.31	7.37
Otros	8.67	3.47
Otros	33.67	0.62
Otros	33.01	1.44
Otros	51.72	4.13
Otros	45.26	4.41
Otros	48.31	4.62
Otros	45.84	5.62
Otros	40.11	5.38
Otros	45.85	2.71
Otros	34.98	3.87
Otros	37.87	5.75
Otros	38.09	9.39
Otros	69.8	2.29
Otros	44.07	3.72
Otros	63.87	1.56
Otros	50.85	3.86
Otros	30.84	4.12
Otros	43.84	5.49
Otros	36.1	1.96
Otros	38.46	2.4
Otros	46.56	2.98
Otros	25.33	3.17
Otros	45.08	4.18
Otros	22.1	7.56
Otros	22.14	12.15
Otros	22.26	9.79
Otros	40.44	3.46
Otros	40.31	3.45
Otros	26	5.22
Otros	56.72	2.19
Otros	47.76	2
Otros	25.84	2.25
Otros	52.98	1.4
Otros	52.92	3.39
Otros	59.77	1.6
Otros	50.58	3.34
Otros	42.11	1.8
Otros	31.15	1.26
Otros	56.99	0.79
Otros	62.93	3.02
Otros	47.5	2.17
Otros	38.54	4
Otros	25.54	4.96
Otros	46.67	1.89
Otros	34.07	2.5
Otros	51.63	2.42
Otros	18.79	1.19
Otros	48.91	7.52
Otros	21.9	2.61
Otros	37.31	2.08
Otros	28.4	5.22
Otros	40.45	3.94
Otros	60.18	8.04
Otros	46.22	2.18
Otros	72.22	1.23
Otros	33.53	2.41
Otros	37.2	1.92
Otros	56.59	0.67
Otros	56.76	1.72
Otros	88.89	3.31
Otros	34.62	3.13
Otros	47.37	7.69
Otros	27.27	0.77
Otros	31.99	2.52
Otros	39.66	1.14
Otros	40	1.11
Otros	45.78	0.73
Otros	67.33	0.9
Otros	42.54	2.83
Otros	36.95	0.84
Otros	39.51	2.17
Otros	63.93	0.82
Otros	33.87	1.15
Otros	28.95	2.04
Otros	53.9	0.91
Otros	50.83	2.35
Otros	41.44	6.06
Otros	22.71	3.45
Otros	29.4	3.81
Otros	31.11	2.39
Otros	66.86	5.37
Otros	72.79	2.94
Otros	21.77	4.55
Otros	84.12	2.84
Otros	44.71	5.26
Otros	23.72	1.69
Otros	41.88	3.87
Otros	24.74	3.23
Otros	38.23	5.3
Otros	49.87	1.47
Otros	47.51	1.27
Otros	35.14	4.37
Otros	43.58	2.5
Otros	54.19	0.72
Otros	51.75	4.03
Otros	58.92	5
Otros	54.33	5.03
Otros	49.91	3.32
Otros	38.59	3.67
Otros	33.13	3.11
Otros	37.28	0.85
Otros	55.49	1.87
Otros	41.71	0.8
Otros	36.42	3.57
Otros	31.04	0.83
Otros	43.12	3.08
Otros	22.11	2.27
Otros	53.84	0.63
Otros	42.25	0.95
Otros	52.11	1.49
Otros	29.15	0.54
Otros	40.94	2.95
Otros	28.77	1.26
Otros	53.16	2.23
Otros	37.24	4.65
Otros	28.49	3.47
Otros	54.37	2.14
Otros	32.92	4.7
Otros	28.47	0.95
Otros	43.6	3.68
Otros	46.99	2.44
Otros	43.43	0.93
Otros	46.82	3.4
Otros	31.85	1.54
Otros	15.93	6.45
Otros	40.33	1.46
Otros	24.52	1.69
Otros	33.8	5.4
Otros	54.55	1.24
Otros	33.47	4.2
Otros	35.45	1.89
Otros	29.55	2.15
Otros	42.05	2.94
Otros	38.46	6.57
Otros	44.91	2.33
Otros	48.09	2
Otros	47.29	2.99
Otros	38.96	2.27
Otros	35.98	3.25
Otros	47.48	2.31
Otros	34.63	3.57
Otros	43.64	3.19
Otros	53.52	1.94
Otros	48.64	1.96
Otros	38.75	4.07
Otros	45.46	4.29
Otros	49.27	2.65
Otros	37.09	5.34
Otros	50.08	2.74
Otros	25.37	2.4
Otros	53.43	0.6
Otros	26.68	5.26
Otros	61.81	2.56
Otros	43.77	0.99
Otros	18.48	5.52
Otros	24.45	8.99
Otros	49.44	4.43
Otros	53.97	1.44
Otros	48.04	3.27
Otros	36.68	4.1
Otros	28.35	3.45
Otros	41.51	1.06
Otros	40.72	4.05
Otros	25.83	2.27
Otros	29.59	4.65
Otros	46.35	1.24
Otros	39.98	1.66
Otros	11.78	2.44
Otros	44.04	1.88
Otros	24.78	4.65
Otros	37.7	4.94
Otros	22.57	2.97
Otros	53.55	3.69
Otros	53.7	1.8
Otros	33.05	2.4
Otros	43.8	2.16
Otros	44.81	4.4
Otros	42.88	0.76
Otros	39.8	2.84
Otros	30.89	6.18
Otros	26.69	7.35
Otros	52.47	3.15
Otros	46.34	2.4
Otros	68.32	4.06
Otros	42.21	3.73
Otros	41.04	3.91
Otros	50.6	3.32
Otros	37.94	0.98
Otros	54.27	1
Otros	23.92	0.46
Otros	47.39	3.23
Otros	36.41	0.84
Otros	45.69	3.42
Otros	37.41	4.98
Otros	62.93	0.25
Otros	26.47	3.7
Otros	31.59	1.18
Otros	35.71	3.54
Otros	35.94	2.65
Otros	49.29	3.73
Otros	46.93	8.43
Otros	50.51	5.58
Otros	32.95	1.07
Otros	42.01	1.88
Otros	43.1	2.08
Otros	30.85	3.91
Otros	21.82	4.07
Otros	32.45	2.41
Otros	21.35	3.1
Otros	29.55	3.21
Otros	32.02	2.45
Otros	53.44	1.53
Otros	44.81	3.1
Otros	27.37	2.86
Otros	31.58	2.94
Otros	51.83	4.05
Otros	54.96	2.33
Otros	25.2	0.68
Otros	31.58	4.28
Otros	45.93	5.47
Otros	32.43	2.29
Otros	69.49	1.4
Otros	25.6	3.7
Otros	19.78	4.55
Otros	61	3.41
Otros	27.62	1.94
Otros	59.14	3
Otros	49.62	3.08
Otros	37.67	11.28
Otros	23.85	4.81
Otros	31.11	3.46
Otros	22.82	10.28
Otros	14.05	7.55
Otros	36.65	8.47
Otros	64.58	1.41
Otros	33.99	4.88
Otros	20.57	3.99
Otros	19	3.68
Otros	22.84	3.3
Otros	35.24	4.05
Otros	37.99	0.69
Otros	54.27	0.85
Otros	42.91	6.8
Otros	5.17	14.04
Otros	9.33	5.56
Otros	15.48	8.78
Otros	9.09	1.89
Otros	14.39	6.51
Otros	8.2	5.26
Otros	2.74	10
Otros	25.07	4.17
Otros	18.37	5.07
Otros	12.11	1.32
Otros	4.43	1.47
Violencia	13.49	5.01
Violencia	11.27	6.25
Violencia	8.06	4.17
Otros	29.87	7.45
Otros	21.77	8.81
Otros	22.7	7.5
Otros	5.05	8.1
